,avg_time_generation,avg_time_on_site,avg_time_on_site_returning,bounce_count,bounce_rate,bounce_rate_returning,conversion_rate,conversion_rate_new_visit,conversion_rate_returning_visit,max_actions,max_actions_returning,nb_actions,nb_actions_per_visit,nb_actions_per_visit_returning,nb_actions_returning,nb_conversions,nb_conversions_new_visit,nb_conversions_returning_visit,nb_downloads,nb_hits_with_time_generation,nb_keywords,nb_outlinks,nb_pageviews,nb_searches,nb_uniq_downloads,nb_uniq_outlinks,nb_uniq_pageviews,nb_uniq_visitors,nb_uniq_visitors_returning,nb_users,nb_users_returning,nb_visits,nb_visits_converted,nb_visits_converted_new_visit,nb_visits_converted_returning_visit,nb_visits_returning,revenue,revenue_new_visit,revenue_returning_visit,sum_visit_length
2014-01-01,0.243,202,170,385,46%,61%,0%,0%,0%,78,31,3467,4.2,2.8,616,0,0,0,2,2581,163,167,3374,177,2,164,2542,750,169,0,0,835,0,0,0,220,0,0,0,168799
2014-01-02,0.275,256,316,799,40%,46%,0%,0%,0%,184,91,10634,5.3,5.9,2925,0,0,0,17,7255,492,581,8946,566,17,533,6469,1795,364,0,0,2013,0,0,0,495,0,0,0,515282
2014-01-03,0.258,249,396,686,40%,43%,0%,0%,0%,165,165,8594,5.1,6.4,2485,0,0,0,18,5943,415,496,7499,453,16,463,5528,1549,309,0,0,1701,0,0,0,387,0,0,0,422992
2014-01-04,0.333,278,332,420,46%,52%,0%,0%,0%,537,107,4329,4.8,6.4,1435,0,0,0,1,2353,192,192,3144,206,1,181,2325,813,173,0,0,909,0,0,0,225,0,0,0,253053
2014-01-05,0.353,192,228,479,48%,53%,0%,0%,0%,94,47,4152,4.2,4.7,979,0,0,0,3,2978,186,174,3782,190,2,168,2853,912,167,0,0,1000,0,0,0,210,0,0,0,191646
2014-01-06,0.322,241,382,1193,40%,44%,0%,0%,0%,576,576,15739,5.3,8.2,5235,0,0,0,13,11169,500,711,13884,725,13,653,9536,2674,486,0,0,2956,0,0,0,635,0,0,0,713221
2014-01-07,0.284,253,396,985,38%,38%,0%,0%,0%,497,497,13683,5.3,7.6,4613,0,0,0,49,9452,500,703,11751,820,44,641,8569,2304,447,0,0,2568,0,0,0,604,0,0,0,650036
2014-01-08,0.379,277,379,863,41%,41%,0%,0%,0%,383,105,10489,5,6.1,3516,0,0,0,27,6644,500,510,8481,755,22,470,6305,1869,435,0,0,2099,0,0,0,579,0,0,0,581462
2014-01-09,0.512,262,323,804,43%,49%,0%,0%,0%,114,114,9022,4.8,5.4,2578,0,0,0,17,6064,491,488,7679,564,17,458,5509,1699,363,0,0,1887,0,0,0,479,0,0,0,494716
2014-01-10,0.286,272,400,734,44%,45%,0%,0%,0%,325,325,8434,5.1,6.8,3195,0,0,0,20,5938,500,439,7152,577,18,385,4958,1467,346,0,0,1650,0,0,0,467,0,0,0,448245
2014-01-11,0.304,197,225,375,50%,59%,0%,0%,0%,88,63,3208,4.3,4.1,804,0,0,0,5,2136,192,139,2780,203,3,132,1969,668,142,0,0,744,0,0,0,198,0,0,0,146930
2014-01-12,0.351,201,228,427,45%,55%,0%,0%,0%,158,69,4119,4.3,4.2,1077,0,0,0,8,3023,203,197,3668,225,6,184,2771,857,194,0,0,955,0,0,0,258,0,0,0,192342
2014-01-13,0.293,261,368,836,42%,44%,0%,0%,0%,290,115,10686,5.4,6.2,3134,0,0,0,24,7422,500,635,8947,741,20,485,6045,1783,382,0,0,1980,0,0,0,504,0,0,0,517407
2014-01-14,0.312,279,364,883,45%,43%,0%,0%,0%,528,126,9713,5,5.5,2855,0,0,0,28,6029,500,508,7661,619,25,469,5456,1761,398,0,0,1962,0,0,0,522,0,0,0,547703
2014-01-15,0.368,272,355,880,44%,43%,0%,0%,0%,174,168,10562,5.2,6.6,3587,0,0,0,11,7093,500,498,9143,613,9,457,6664,1813,433,0,0,2014,0,0,0,542,0,0,0,547780
2014-01-16,0.389,298,211,697,44%,48%,0.57%,0.44%,0.93%,125,55,7476,4.8,4.5,1944,9,5,4,8,4984,391,386,6193,444,8,344,4402,1427,349,0,0,1570,9,5,4,431,0,0,0,467137
2014-01-17,0.363,241,178,360,48%,54%,0%,0%,0%,154,15,3164,4.2,2.7,124,0,0,0,12,2185,240,88,2661,252,11,79,1967,721,41,0,0,755,0,0,0,46,0,0,0,182198
2014-01-18,0.414,174,276,439,49%,57%,15.88%,15.24%,20.35%,120,120,3890,4.4,6.5,739,325,261,64,16,2767,178,144,3583,189,15,129,2574,821,84,0,0,894,142,119,23,113,0,0,0,155261
2014-01-19,0.398,255,298,558,45%,54%,25.46%,25.49%,25.27%,115,115,5782,4.6,5,901,823,715,108,34,4054,212,192,5277,225,27,175,3926,1134,119,0,0,1253,319,273,46,182,0,0,0,320082
2014-01-20,0.409,250,356,969,43%,52%,25.85%,25.91%,25.45%,316,316,10913,4.9,6.2,2050,1605,1172,433,58,7015,500,332,9502,684,53,297,6762,2041,249,0,0,2248,581,497,84,330,0,0,0,563117
2014-01-21,0.379,226,288,1083,45%,51%,26.7%,26.61%,27.18%,162,162,11291,4.7,5.6,2106,1483,1185,298,35,7874,500,335,10004,667,33,286,7452,2203,286,0,0,2401,641,538,103,379,0,0,0,541756
2014-01-22,0.379,226,286,985,46%,49%,25.78%,25.54%,26.82%,295,120,10572,4.9,5.2,2065,1196,941,255,46,6923,500,283,9286,613,44,263,6640,1953,300,0,0,2161,557,450,107,399,0,0,0,488957
2014-01-23,0.35,216,354,961,44%,43%,23.65%,23%,26.61%,164,164,9968,4.6,5.7,2203,1270,1019,251,45,7124,500,292,8823,604,37,254,6304,1979,285,0,0,2178,515,412,103,387,0,0,0,471164
2014-01-24,0.314,227,360,1148,49%,46%,23.96%,23.29%,27.16%,587,203,10699,4.6,6.5,2624,1259,980,279,43,7396,470,295,9039,535,38,264,6342,2164,294,0,0,2350,563,453,110,405,0,0,0,534548
2014-01-25,0.402,203,305,543,50%,51%,22.06%,21.71%,23.86%,102,72,4041,3.7,4.2,737,510,389,121,29,2765,190,108,3577,216,28,97,2667,1001,133,0,0,1079,238,196,42,176,0,0,0,218779
2014-01-26,0.466,183,217,568,48%,54%,18.93%,18.6%,20.62%,86,62,4606,3.9,3.8,743,505,404,101,30,3228,254,106,4112,277,24,93,3000,1094,149,0,0,1183,224,184,40,194,0,0,0,216055
2014-01-27,0.318,218,296,1238,47%,45%,23.45%,22.25%,28.46%,505,505,11509,4.4,6.1,3097,1460,1037,423,85,8034,500,324,10090,677,75,298,7027,2387,382,0,0,2627,616,472,144,506,0,0,0,571575
2014-01-28,0.334,261,394,973,44%,46%,23.24%,22.57%,25.97%,134,134,11354,5.1,6.4,2805,1455,1002,453,40,8211,500,301,9959,675,37,281,7266,2022,336,0,0,2220,516,402,114,439,0,0,0,580236
2014-01-29,0.383,217,385,1383,49%,45%,24.94%,24.78%,25.57%,300,300,12543,4.4,6.5,3726,1571,1183,388,43,8539,500,407,10961,758,38,371,8071,2575,408,0,0,2851,711,565,146,571,0,0,0,618073
2014-01-30,0.356,244,364,1063,42%,43%,29.25%,27.84%,34.66%,91,91,12081,4.7,6.1,3195,1816,1366,450,53,8471,500,349,10368,785,49,322,7673,2286,393,0,0,2550,746,563,183,528,0,0,0,623340
2014-01-31,0.358,228,322,778,43%,42%,26.48%,25.67%,29.11%,118,118,8528,4.7,5.7,2423,1103,844,259,42,6177,472,247,7523,532,37,225,5508,1612,304,0,0,1805,478,354,124,426,0,0,0,411439
2014-02-01,0.369,224,348,465,49%,47%,24.12%,22.72%,29.89%,91,67,3985,4.2,5.2,964,617,449,168,14,2751,209,120,3451,225,14,108,2538,868,139,0,0,941,227,172,55,184,0,0,0,210597
2014-02-02,0.343,195,320,518,50%,50%,22.92%,20.24%,33.82%,202,202,4315,4.2,6.8,1383,684,341,343,14,2875,220,75,3927,239,12,69,2900,942,157,0,0,1034,237,168,69,204,0,0,0,201826
2014-02-03,0.38,214,339,1062,48%,42%,22.68%,21.31%,27.86%,101,101,9371,4.2,5.4,2522,1347,888,459,39,6534,500,272,8205,583,36,248,6155,1989,345,0,0,2209,501,372,129,463,0,0,0,473733
2014-02-04,0.424,256,415,926,45%,44%,23.04%,22.39%,25.33%,240,127,9974,4.8,6.8,3074,1087,794,293,25,7025,500,234,8682,611,25,221,6353,1873,345,0,0,2062,475,361,114,450,0,0,0,528876
2014-02-05,0.38,259,367,885,44%,43%,23.71%,22.86%,26.59%,551,94,10049,5,5.6,2557,1267,958,309,47,6834,500,229,8692,715,33,218,6225,1808,342,0,0,2012,477,356,121,455,0,0,0,520108
2014-02-06,0.349,262,406,842,43%,44%,23.13%,22.1%,26.24%,125,125,9839,5,6.5,3125,1023,733,290,32,6934,500,247,8574,653,30,229,5998,1763,376,0,0,1950,451,324,127,484,0,0,0,510263
2014-02-07,0.333,315,404,679,42%,45%,25.37%,24.31%,28.28%,1382,326,10367,6.4,8.1,3506,1085,656,429,31,6322,500,220,7646,666,30,201,5342,1433,310,0,0,1624,412,289,123,435,0,0,0,511608
2014-02-08,0.424,189,238,484,50%,55%,23.01%,23.4%,21.31%,57,41,3578,3.7,4.1,747,500,392,108,12,2473,222,93,3235,240,12,86,2459,880,136,0,0,965,222,183,39,183,0,0,0,182146
2014-02-09,0.363,221,355,401,47%,45%,24.27%,23.13%,28.65%,191,191,4092,4.8,8.6,1528,644,362,282,14,2853,187,101,3554,200,14,99,2724,786,138,0,0,861,209,158,51,178,0,0,0,189937
2014-02-10,0.325,238,306,997,46%,44%,24.66%,24.82%,24.14%,150,150,10182,4.7,5.8,2901,1175,892,283,21,7192,500,269,8988,584,20,247,6399,1925,362,0,0,2145,529,409,120,497,0,0,0,509702
2014-02-11,0.332,283,382,1006,45%,42%,26.63%,25.16%,31.37%,404,199,12206,5.5,7.2,3786,1450,1021,429,50,8278,500,294,10337,709,39,271,7220,2002,395,0,0,2223,592,427,165,526,0,0,0,629239
2014-02-12,0.349,243,413,1056,43%,43%,26.24%,26.2%,26.35%,388,168,12469,5.1,6.8,3753,1799,1322,477,37,8875,500,330,10935,735,28,312,7688,2184,398,0,0,2428,637,491,146,554,0,0,0,588843
2014-02-13,0.385,205,349,1454,49%,42%,25.68%,25.18%,27.55%,182,182,12152,4.1,6.1,3760,1684,1212,472,44,8437,500,402,10690,688,43,369,7990,2679,459,0,0,2956,759,589,170,617,0,0,0,605712
2014-02-14,0.334,234,362,958,48%,46%,28.87%,27.67%,32.41%,655,655,9626,4.9,8,4013,1339,929,410,18,7166,476,240,8515,583,18,217,5754,1776,380,0,0,1981,572,409,163,503,0,0,0,463190
2014-02-15,0.405,226,372,463,48%,56%,25.6%,23.91%,31.11%,91,78,4138,4.3,5.3,1188,653,413,240,15,2852,251,117,3591,276,15,110,2750,862,171,0,0,957,245,175,70,225,0,0,0,216555
2014-02-16,0.347,174,248,511,51%,48%,26.16%,25.25%,29.76%,62,62,3937,3.9,4.3,888,599,433,166,21,2491,258,138,3342,270,21,126,2602,929,153,0,0,1009,264,203,61,205,0,0,0,175859
2014-02-17,0.371,240,383,1047,47%,45%,28.49%,27.84%,30.41%,329,329,10195,4.6,6.8,3777,1444,990,454,36,7224,500,256,8894,642,32,240,6177,1985,419,0,0,2208,629,459,170,559,0,0,0,530532
2014-02-18,0.39,228,322,1061,47%,47%,28.23%,28.41%,27.69%,460,460,10637,4.7,6.2,3509,1407,1062,345,37,7615,500,252,9262,635,32,237,6519,2060,440,0,0,2281,644,487,157,567,0,0,0,520284
2014-02-19,0.407,235,367,1166,46%,43%,28.73%,26.8%,34.55%,138,138,10982,4.3,6.1,3832,1822,1185,637,50,7610,500,321,9424,704,46,304,7067,2261,477,0,0,2534,728,510,218,631,0,0,0,596231
2014-02-20,0.332,285,417,1212,41%,43%,32.48%,32.13%,33.69%,500,362,16195,5.5,7.1,4683,2522,1853,669,47,11889,500,453,13843,1063,46,438,9858,2644,516,0,0,2922,949,727,222,659,0,0,0,833068
2014-02-21,0.347,218,339,1108,49%,49%,27.51%,27.11%,28.64%,360,360,9872,4.4,6.2,3643,1499,1093,406,43,7274,495,282,8815,543,38,270,6217,2020,428,0,0,2261,622,453,169,590,0,0,0,492041
2014-02-22,0.482,214,281,541,53%,53%,22.59%,22.57%,22.66%,295,64,4285,4.2,4.6,1189,623,496,127,15,3127,218,110,3796,233,14,105,2860,912,186,0,0,1018,230,172,58,256,0,0,0,218225
2014-02-23,0.418,199,262,592,55%,59%,22.94%,23.72%,20.71%,73,73,3925,3.6,4,1112,614,445,169,20,2622,207,142,3515,219,19,133,2610,969,216,0,0,1081,248,190,58,280,0,0,0,215159
2014-02-24,0.378,201,233,1244,50%,50%,26.63%,26.9%,25.89%,1218,48,10179,4.1,4.1,2632,1407,1016,391,35,6265,500,357,7865,555,34,332,6087,2211,465,0,0,2482,661,493,168,649,0,0,0,499659
2014-02-25,0.4,197,327,1406,52%,47%,30.07%,28.02%,36.38%,221,221,11056,4.1,5.5,3676,1931,1198,733,70,7722,500,337,9466,666,58,324,7062,2459,502,0,0,2720,818,575,243,668,0,0,0,536321
2014-02-26,0.352,229,338,1143,50%,49%,28.88%,28.83%,29.01%,159,146,9779,4.3,5.2,3214,1643,1092,551,50,6848,500,319,8310,665,45,301,6117,2057,469,0,0,2289,661,480,181,624,0,0,0,523305
2014-02-27,0.563,220,318,1160,51%,48%,28.5%,28.65%,28.09%,208,208,9338,4.1,5.1,3184,1472,1013,459,34,6560,500,291,8134,635,31,275,6114,2030,488,0,0,2260,644,469,175,623,0,0,0,496154
2014-02-28,0.47,198,306,1195,53%,49%,31.71%,32.16%,30.36%,111,111,8393,3.7,4.7,2625,1575,1121,454,30,5750,469,327,7324,503,29,302,5577,2044,435,0,0,2242,711,541,170,560,0,0,0,443366
2014-03-01,0.404,160,218,528,53%,59%,24.55%,25.1%,22.78%,90,90,3574,3.6,3.9,921,512,359,153,16,2454,195,132,3186,203,16,120,2367,907,172,0,0,1002,246,192,54,237,0,0,0,160365
2014-03-02,0.35,197,315,561,55%,53%,24.43%,24.05%,25.59%,89,78,3772,3.7,4.6,1168,632,382,250,12,2414,237,113,3354,256,12,104,2531,907,182,0,0,1015,248,183,65,254,0,0,0,200085
2014-03-03,0.323,147,276,6812,70%,56%,34.3%,34.27%,34.65%,129,129,22773,2.4,4,3576,6019,5372,647,55,15929,500,559,20645,1030,53,530,16670,9205,722,0,0,9664,3315,3007,308,889,0,0,0,1424279
2014-03-04,0.399,228,335,1986,54%,47%,31.86%,31.43%,33.66%,767,100,14335,3.9,5.1,3664,2561,1917,644,62,8913,500,406,11830,778,54,367,8917,3417,578,0,0,3688,1175,935,240,713,0,0,0,839068
2014-03-05,0.384,253,341,1194,50%,44%,28.23%,27.51%,30.11%,175,175,10030,4.2,5.4,3596,1599,1049,550,38,6816,500,282,8574,688,33,263,6312,2171,524,0,0,2395,676,477,199,661,0,0,0,605593
2014-03-06,0.389,226,315,1051,49%,45%,28.33%,27.27%,31.05%,123,123,8983,4.2,5.6,3332,1434,914,520,43,6472,483,259,7925,550,37,239,5861,1922,465,0,0,2132,604,418,186,599,0,0,0,480852
2014-03-07,0.412,220,324,932,49%,46%,28.35%,27.2%,31.51%,509,509,8804,4.6,6.9,3504,1065,711,354,20,6387,424,235,7747,478,18,215,5453,1751,412,0,0,1919,544,383,161,511,0,0,0,422429
2014-03-08,0.391,177,295,472,53%,55%,24.39%,22.78%,29.28%,70,51,3102,3.5,4,882,488,305,183,10,2259,182,80,2785,190,9,77,2090,827,181,0,0,898,219,154,65,222,0,0,0,158947
2014-03-09,0.354,154,242,605,56%,53%,21.73%,20.54%,26.09%,80,80,3454,3.2,4,915,488,341,147,21,2395,182,90,3137,189,18,85,2357,989,178,0,0,1077,234,174,60,230,0,0,0,166168
2014-03-10,0.644,239,354,1057,49%,44%,26.66%,25.14%,31.58%,443,186,10169,4.7,7.2,3680,1282,844,438,21,6975,500,247,8493,643,21,215,6144,1990,422,0,0,2168,578,416,162,513,0,0,0,518739
2014-03-11,0.377,234,431,1256,50%,45%,28.48%,26.69%,33.93%,180,180,10533,4.2,5.9,3636,1791,1229,562,41,7058,500,302,9136,669,40,281,6503,2260,480,0,0,2493,710,501,209,616,0,0,0,584602
2014-03-12,0.426,220,353,1259,50%,43%,29.99%,28.32%,34.88%,118,88,10150,4,5,3201,1863,1220,643,14,7347,500,265,8754,736,14,244,6516,2292,494,0,0,2534,760,535,225,645,0,0,0,556329
2014-03-13,0.386,231,287,1249,48%,45%,30.13%,29.64%,32.01%,194,104,9714,3.8,4.7,2486,1880,1406,474,50,6413,500,257,7880,917,45,232,5843,2407,431,0,0,2579,777,608,169,528,0,0,0,596974
2014-03-14,0.411,239,413,988,47%,44%,29.26%,28.31%,32.44%,212,113,8842,4.2,5.4,2602,1513,1092,421,88,5877,492,184,7284,755,46,178,5320,1938,391,0,0,2102,615,458,157,484,0,0,0,502282
2014-03-15,0.36,174,282,608,51%,49%,26.26%,25.62%,29.09%,297,297,4473,3.8,6,1325,633,495,138,5,3387,246,104,4106,300,5,100,2887,1105,173,0,0,1188,312,248,64,220,0,0,0,206301
2014-03-16,0.357,142,249,827,56%,50%,27.96%,27.44%,30.67%,309,309,4962,3.3,5.9,1393,1043,740,303,12,3404,259,127,4328,312,10,114,3189,1406,193,0,0,1488,416,343,73,238,0,0,0,211082
2014-03-17,0.362,178,233,1522,51%,43%,31.75%,31.34%,33.58%,244,215,10746,3.6,4.7,2561,2151,1582,569,26,7766,500,248,9378,763,25,235,6908,2804,447,0,0,2989,949,765,184,548,0,0,0,531223
2014-03-18,0.449,206,307,1639,50%,47%,31.2%,30.54%,33.67%,152,152,12018,3.7,4.9,3441,2299,1669,630,34,8127,500,319,10340,905,31,296,7734,3008,572,0,0,3272,1021,786,235,698,0,0,0,673178
2014-03-19,0.355,206,291,1314,50%,46%,30.7%,30.06%,32.99%,148,148,10018,3.8,4.7,2724,1826,1303,523,44,6769,500,243,8674,777,41,228,6456,2444,479,0,0,2625,806,615,191,579,0,0,0,541984
2014-03-20,0.378,162,253,1569,56%,46%,31.65%,31%,33.87%,99,94,9530,3.4,4.7,2946,1605,1133,472,30,6603,500,232,8322,685,29,216,6428,2571,500,0,0,2787,882,670,212,626,0,0,0,450700
2014-03-21,0.404,183,293,1112,49%,45%,30.23%,29%,34.28%,101,101,8567,3.8,5.2,2769,1495,1049,446,25,5948,500,211,7330,654,23,199,5523,2078,425,0,0,2259,683,502,181,528,0,0,0,413409
2014-03-22,0.375,167,271,726,55%,55%,27.14%,27.16%,27.02%,134,134,4417,3.3,4.8,1193,856,630,226,12,3145,233,130,3900,327,10,120,2881,1228,191,0,0,1323,359,292,67,248,0,0,0,221101
2014-03-23,0.388,131,249,1309,56%,49%,25.22%,24.43%,30.28%,91,87,6849,2.9,4.7,1496,1129,873,256,19,4828,364,184,5981,550,17,173,4693,2228,260,0,0,2347,592,496,96,317,0,0,0,307637
2014-03-24,0.424,211,299,1768,50%,39%,28.19%,26.9%,32.86%,968,245,14315,4,5,3883,2157,1542,615,44,9098,500,400,11340,986,37,360,8460,3253,592,0,0,3565,1005,751,254,773,0,0,0,750546
2014-03-25,0.327,225,352,1510,49%,42%,30.08%,28.01%,37.11%,151,151,12404,4,5.7,3997,2236,1455,781,37,8671,500,315,10812,808,34,296,7867,2824,560,0,0,3072,924,665,259,698,0,0,0,690736
2014-03-26,0.334,244,380,1378,48%,40%,30.63%,29.05%,35.51%,192,192,11371,4,5.6,3969,1984,1244,740,54,7735,500,367,9570,697,48,331,6927,2608,518,0,0,2876,881,631,250,704,0,0,0,700636
2014-03-27,0.374,229,320,1314,47%,41%,31.63%,30.47%,34.81%,152,152,11937,4.3,5.8,4309,2134,1334,800,55,8501,500,350,10342,752,54,326,7471,2527,577,0,0,2779,879,620,259,744,0,0,0,636534
2014-03-28,0.358,234,309,1213,50%,43%,27.81%,26.41%,31.68%,192,113,9802,4.1,5,3232,1555,1066,489,34,6841,500,265,8370,642,32,247,6135,2189,503,0,0,2416,672,468,204,644,0,0,0,565076
2014-03-29,0.453,165,229,601,52%,47%,26.46%,25.77%,28.97%,97,97,3796,3.3,4.1,1045,655,444,211,13,2790,199,102,3452,220,12,97,2625,1078,201,0,0,1164,308,235,73,252,0,0,0,192102
2014-03-30,0.36,171,185,936,56%,58%,22.56%,22.13%,24.5%,189,45,4994,3,3.3,996,823,628,195,11,3289,283,127,4297,327,7,122,3257,1555,239,0,0,1667,376,303,73,298,0,0,0,285084
2014-03-31,0.376,247,420,1743,50%,37%,32.95%,31.14%,38.31%,194,194,14366,4.1,6.2,5484,2752,1756,996,40,9954,500,365,12235,990,31,325,8714,3138,658,0,0,3496,1152,813,339,885,0,0,0,862948
2014-04-01,0.397,240,401,1411,49%,42%,31.48%,29.64%,36.71%,121,121,11682,4.1,5.9,4335,2337,1458,879,24,8154,500,297,10284,713,23,267,7382,2559,546,0,0,2853,898,626,272,741,0,0,0,683525
2014-04-02,0.347,221,352,1472,48%,42%,31.61%,30.57%,35.09%,101,101,11458,3.8,5.3,3683,2323,1589,734,26,8106,500,341,9982,746,24,321,7298,2795,556,0,0,3040,961,715,246,701,0,0,0,670700
2014-04-03,0.389,216,292,1431,51%,46%,29.67%,28.4%,33.47%,106,106,11164,4,4.8,3388,2068,1378,690,44,7856,500,341,9612,764,40,316,6902,2570,560,0,0,2814,835,598,237,708,0,0,0,607253
2014-04-04,0.43,248,344,1271,50%,45%,30.2%,29.41%,32.4%,340,192,10980,4.3,5.7,3892,1950,1296,654,43,7751,500,287,9165,759,41,264,6690,2300,517,0,0,2556,772,552,220,679,0,0,0,634703
2014-04-05,0.396,228,274,581,53%,51%,26.09%,25.46%,28.51%,108,108,4169,3.8,5.2,1188,680,512,168,11,2637,223,129,3631,250,11,113,2719,1026,181,0,0,1100,287,222,65,228,0,0,0,250779
2014-04-06,0.363,225,302,653,51%,54%,25.49%,24.77%,27.97%,104,49,4523,3.5,4.2,1206,738,524,214,11,3153,265,114,3895,280,10,110,2849,1162,210,0,0,1279,326,246,80,286,0,0,0,287795
2014-04-07,0.346,247,318,1350,50%,45%,29.98%,28.66%,33.86%,152,91,11183,4.1,5.4,3742,2000,1313,687,37,8022,500,267,9539,760,32,249,6957,2471,537,0,0,2725,817,582,235,694,0,0,0,673037
2014-04-08,0.415,225,328,1528,50%,47%,31.96%,31.08%,34.59%,90,90,11723,3.8,4.9,3757,2289,1581,708,29,8162,500,303,10040,834,28,286,7531,2783,611,0,0,3066,980,714,266,769,0,0,0,689734
2014-04-09,0.381,212,309,1410,51%,47%,29.74%,28.24%,34.04%,122,75,10503,3.8,4.8,3403,1947,1265,682,35,7283,500,239,9255,629,31,214,6856,2508,570,0,0,2747,817,575,242,711,0,0,0,581184
2014-04-10,0.389,246,354,1335,51%,45%,28.84%,27.66%,31.98%,326,148,10957,4.2,5.8,4165,1949,1143,806,36,7492,500,291,9187,696,33,267,6853,2346,541,0,0,2614,754,525,229,716,0,0,0,644302
2014-04-11,0.379,206,279,1430,52%,48%,31.69%,31.17%,33.15%,127,127,10480,3.8,4.5,3228,2095,1550,545,25,7505,500,331,9204,645,24,308,6858,2500,570,0,0,2758,874,634,240,724,0,0,0,568054
2014-04-12,0.489,180,260,618,53%,46%,28.23%,27.37%,31.11%,60,60,3920,3.3,4.4,1188,676,489,187,13,2647,216,153,3438,238,12,140,2557,1091,219,0,0,1176,332,248,84,270,0,0,0,211341
2014-04-13,0.351,203,181,632,54%,53%,26.61%,26.54%,26.89%,291,30,4080,3.5,3.7,873,622,503,119,10,2500,205,135,3397,228,10,123,2595,1085,190,0,0,1165,310,246,64,238,0,0,0,236032
2014-04-14,0.346,203,345,1511,50%,44%,31.87%,31.41%,33.25%,85,85,11433,3.8,5.5,4170,2136,1424,712,48,7872,500,358,9992,688,40,334,7271,2729,596,0,0,2993,954,701,253,761,0,0,0,607510
2014-04-15,0.355,233,342,1277,48%,43%,31.09%,29.89%,34.5%,114,114,10139,3.8,4.8,3289,1877,1241,636,44,6707,500,312,8760,711,40,283,6506,2419,545,0,0,2644,822,585,237,687,0,0,0,616307
2014-04-16,0.368,248,305,1347,51%,45%,30.66%,29.17%,34.56%,238,89,10608,4,4.9,3552,1957,1341,616,53,7224,500,324,9190,608,46,306,6760,2370,555,0,0,2645,811,558,253,732,0,0,0,655412
2014-04-17,0.379,204,306,1192,49%,41%,28.86%,27.25%,33.23%,89,79,9199,3.8,5,3254,1502,979,523,31,6448,486,327,7995,571,25,296,5975,2192,519,0,0,2422,699,482,217,653,0,0,0,495184
2014-04-18,0.315,221,295,1218,52%,45%,32.32%,32.09%,32.92%,131,131,9042,3.8,4.7,2992,1696,1236,460,43,6244,482,291,7876,548,36,262,5816,2154,522,0,0,2358,762,551,211,641,0,0,0,521685
2014-04-19,0.43,154,282,587,57%,63%,20.84%,20.42%,22.94%,70,55,3405,3.3,3.9,666,530,408,122,17,2478,150,117,3114,168,14,114,2342,953,132,0,0,1022,213,174,39,170,0,0,0,157106
2014-04-20,0.345,223,361,539,49%,50%,31.56%,30.47%,35.62%,98,91,4683,4.3,5.7,1318,824,514,310,12,3325,206,137,4326,218,10,130,3200,1000,185,0,0,1093,345,262,83,233,0,0,0,243491
2014-04-21,0.399,200,320,696,51%,48%,27.21%,25.99%,31.65%,92,61,5339,3.9,5.2,1556,957,619,338,23,3741,255,178,4789,280,19,165,3515,1261,225,0,0,1378,375,281,94,297,0,0,0,275580
2014-04-22,0.444,245,368,1421,51%,43%,29.88%,27.98%,35.76%,566,117,11285,4.1,5.9,3943,2059,1262,797,52,7769,500,321,9460,620,43,303,7022,2505,539,0,0,2761,825,584,241,674,0,0,0,676581
2014-04-23,0.357,242,365,1433,48%,40%,31.29%,31.22%,31.5%,130,130,13198,4.4,6.1,4585,2316,1612,704,64,9163,500,382,11447,835,61,359,8412,2714,561,0,0,3004,940,705,235,746,0,0,0,727012
2014-04-24,0.4,247,300,1597,46%,43%,30.62%,30.39%,31.39%,267,88,15619,4.5,5.3,4272,2564,1876,688,86,10658,500,493,13502,846,74,459,10061,3162,648,0,0,3488,1068,815,253,806,0,0,0,862095
2014-04-25,0.551,265,358,1397,46%,45%,30.43%,30.07%,31.52%,194,121,13592,4.5,5.5,4122,2282,1579,703,67,9311,500,417,11841,787,59,397,8725,2756,591,0,0,3053,929,692,237,752,0,0,0,809649
2014-04-26,0.346,238,241,743,45%,53%,29.89%,30.5%,27.44%,92,63,6787,4.1,4.1,1350,1137,921,216,30,4617,277,224,6056,298,28,214,4627,1546,274,0,0,1656,495,405,90,328,0,0,0,393859
2014-04-27,0.325,252,325,819,43%,49%,32.36%,32.19%,33%,112,112,8307,4.3,5.1,2088,1424,1015,409,39,5623,315,268,7377,344,37,250,5622,1762,325,0,0,1916,620,486,134,406,0,0,0,483771
2014-04-28,0.373,229,311,1484,47%,45%,29.97%,29.49%,31.61%,158,72,13012,4.1,4.9,3489,2269,1709,560,53,9198,500,332,11557,678,45,313,8537,2903,575,0,0,3150,944,718,226,715,0,0,0,721797
2014-04-29,0.394,221,296,1351,50%,47%,30.34%,29.67%,32.39%,168,168,11104,4.1,4.9,3301,1957,1354,603,58,7743,500,298,9599,712,53,271,7204,2500,531,0,0,2726,827,610,217,670,0,0,0,601158
2014-04-30,0.466,193,278,1252,49%,46%,28.23%,28.12%,28.53%,96,96,9776,3.8,4.9,3362,1634,1101,533,34,7267,483,325,8551,575,34,314,6449,2301,529,0,0,2540,717,523,194,680,0,0,0,489276
2014-05-01,0.541,191,209,754,53%,53%,27.46%,26.94%,29.37%,395,64,5034,3.5,3.9,1167,852,632,220,19,3265,239,185,4143,272,13,173,3199,1314,232,0,0,1435,394,305,89,303,0,0,0,274121
2014-05-02,0.344,183,270,1024,52%,50%,27.36%,25.14%,33.94%,118,49,7334,3.8,4.1,2008,1294,834,460,22,5261,395,237,6615,435,22,217,4892,1752,364,0,0,1952,534,367,167,492,0,0,0,356921
2014-05-03,0.374,186,298,614,57%,56%,23.25%,22.47%,26.42%,263,263,4133,3.9,5.6,1184,609,421,188,10,2674,224,128,3295,245,10,116,2462,982,168,0,0,1071,249,193,56,212,0,0,0,198986
2014-05-04,0.38,165,239,645,57%,61%,22.43%,22.46%,22.31%,64,61,3764,3.3,4,979,520,382,138,14,2696,179,94,3470,190,11,91,2573,1040,182,0,0,1128,253,199,54,242,0,0,0,185741
2014-05-05,0.393,197,290,1253,50%,46%,26.48%,25.38%,29.57%,98,98,9638,3.8,5,3303,1553,997,556,30,6632,500,278,8520,607,29,266,6445,2286,516,0,0,2508,664,470,194,656,0,0,0,493716
2014-05-06,0.356,197,316,1483,52%,44%,28.02%,26.06%,34.54%,122,105,11240,3.9,5.9,3895,1980,1252,728,43,7695,500,333,9717,743,36,312,7188,2658,536,0,0,2873,805,576,229,663,0,0,0,566087
2014-05-07,0.358,209,290,1201,51%,47%,28.93%,27.54%,33%,136,136,9440,4,4.9,2980,1629,1112,517,33,6540,500,286,8049,655,28,267,6100,2155,480,0,0,2371,686,486,200,606,0,0,0,496009
2014-05-08,0.351,160,269,787,55%,55%,25.44%,24.3%,29.49%,144,130,4998,3.5,4.9,1515,775,529,246,17,3591,289,135,4356,322,17,126,3293,1317,251,0,0,1423,362,270,92,312,0,0,0,228375
2014-05-09,0.339,168,282,1086,55%,50%,26.46%,25.52%,29.31%,115,115,7021,3.6,4.8,2288,1190,759,431,23,4801,425,212,6012,475,23,203,4463,1767,360,0,0,1958,518,377,141,481,0,0,0,329804
2014-05-10,0.336,162,229,822,54%,56%,29.02%,29.59%,25.86%,75,75,4870,3.2,4.2,969,969,789,180,26,3444,251,186,4294,331,24,166,3263,1423,178,0,0,1513,439,379,60,232,0,0,0,245338
2014-05-11,0.368,167,251,829,55%,57%,26.84%,27.07%,25.87%,122,43,4948,3.3,3.9,1107,832,633,199,14,3464,251,192,4389,285,14,180,3402,1380,218,0,0,1505,404,330,74,286,0,0,0,250954
2014-05-12,0.374,187,305,1575,54%,50%,26.95%,25.61%,31.14%,107,107,10235,3.5,4.5,3196,1688,1190,498,37,7196,500,351,8929,611,30,336,6677,2694,554,0,0,2943,793,571,222,713,0,0,0,551243
2014-05-13,0.356,237,336,1394,51%,44%,28.54%,26.96%,33.01%,1203,102,12315,4.5,5.7,4064,1725,1149,576,39,7894,500,298,9531,790,36,283,7000,2484,566,0,0,2751,785,548,237,718,0,0,0,652581
2014-05-14,0.386,215,350,1344,53%,46%,28.54%,26.66%,33.83%,256,256,10409,4.1,6,3976,1687,1015,672,36,7356,500,316,8973,668,34,282,6481,2296,510,0,0,2551,728,502,226,668,0,0,0,549677
2014-05-15,0.385,218,370,1328,52%,42%,29.87%,28.28%,34.52%,118,116,9681,3.8,5.4,3505,1797,1162,635,48,6646,493,341,8278,550,40,326,6186,2312,501,0,0,2538,758,535,223,646,0,0,0,553618
2014-05-16,0.396,194,282,1151,53%,48%,26.27%,25.47%,28.55%,110,110,7816,3.6,5,2803,1301,862,439,57,5164,458,291,6655,521,49,266,4977,1968,451,0,0,2158,567,406,161,564,0,0,0,418555
2014-05-17,0.497,144,239,620,62%,58%,21.2%,21.45%,20.28%,73,73,3040,3,4.4,923,425,315,110,15,2042,163,114,2718,173,14,110,2025,923,170,0,0,1000,212,169,43,212,0,0,0,143870
2014-05-18,0.356,180,225,659,59%,56%,25.02%,24.27%,28.05%,382,46,3366,3,3.6,797,587,382,205,9,2029,154,113,2708,171,7,110,2111,1038,177,0,0,1111,278,216,62,221,0,0,0,200030
2014-05-19,0.399,182,293,1400,53%,49%,26.55%,25.81%,28.86%,122,102,9362,3.6,4.7,2976,1495,970,525,46,6774,494,319,8217,553,39,292,6117,2408,501,0,0,2618,695,512,183,634,0,0,0,476790
2014-05-20,0.358,209,368,1368,52%,47%,27.29%,26.75%,28.92%,146,146,10519,4,6,3876,2038,1123,915,59,7471,500,268,9313,592,49,247,6904,2385,511,0,0,2624,716,528,188,650,0,0,0,549596
2014-05-21,0.367,205,328,1399,50%,44%,27.45%,25.99%,32.25%,208,99,11279,4.1,5.6,3598,1828,1222,606,47,8278,500,351,9822,691,43,327,7308,2533,506,0,0,2772,761,552,209,648,0,0,0,569266
2014-05-22,0.333,206,297,1333,50%,45%,28.44%,27.58%,31.02%,130,74,10511,3.9,4.8,3190,1710,1187,523,45,7364,500,368,9118,608,44,337,6863,2458,547,0,0,2676,761,555,206,664,0,0,0,552151
2014-05-23,0.35,212,319,1074,51%,45%,28.45%,27.78%,30.29%,424,424,9343,4.4,6.5,3645,1566,1037,529,38,6662,500,252,8033,569,37,241,5882,1907,433,0,0,2102,598,429,169,558,0,0,0,445556
2014-05-24,0.401,158,204,680,55%,52%,26.1%,25.34%,28.62%,160,74,4066,3.3,4.1,1183,640,454,186,26,2783,187,196,3666,201,26,184,2647,1155,236,0,0,1245,325,242,83,290,0,0,0,196815
2014-05-25,0.369,150,197,777,59%,61%,23.7%,23.24%,25.58%,58,51,3703,2.8,2.9,749,625,499,126,9,2509,160,116,3443,182,8,107,2581,1221,204,0,0,1308,310,244,66,258,0,0,0,196390
2014-05-26,0.391,191,281,1544,50%,41%,29.76%,28.66%,32.88%,275,164,11727,3.8,4.9,3980,2000,1368,632,28,8502,500,297,10315,726,28,282,7808,2806,625,0,0,3098,922,656,266,809,0,0,0,590572
2014-05-27,0.418,192,302,1353,53%,46%,26.06%,24.8%,29.44%,108,108,9567,3.7,5,3488,1503,1010,493,32,6907,500,290,8278,614,30,279,6151,2287,524,0,0,2552,665,461,204,693,0,0,0,490910
2014-05-28,0.388,190,288,1149,50%,41%,26.77%,24.61%,32.78%,255,255,8955,3.9,6.1,3688,1374,845,529,48,6350,467,305,7818,537,42,281,5693,2075,471,0,0,2282,611,413,198,604,0,0,0,433668
2014-05-29,0.361,233,269,718,56%,53%,25.78%,25%,28.62%,1054,73,5652,4.4,4.6,1260,798,573,225,16,3375,225,131,4175,254,16,120,2993,1179,198,0,0,1288,332,253,79,276,0,0,0,300548
2014-05-30,0.338,214,333,815,50%,43%,29.38%,28.38%,32.48%,212,58,6924,4.3,5,1949,1266,879,387,21,4923,327,191,6237,377,21,180,4461,1466,292,0,0,1617,475,348,127,391,0,0,0,346714
2014-05-31,0.359,164,341,643,55%,51%,30.51%,30.73%,29.47%,264,264,4170,3.6,6.9,1425,812,544,268,19,3009,214,112,3660,222,19,105,2730,1097,165,0,0,1167,356,295,61,207,0,0,0,190983
2014-06-01,0.369,144,265,703,59%,55%,27.81%,27.39%,29.54%,349,349,4090,3.4,5.7,1351,788,512,276,16,2953,208,107,3740,217,16,101,2710,1115,185,0,0,1201,334,264,70,237,0,0,0,172963
2014-06-02,0.384,213,385,1295,52%,43%,29.02%,27.28%,34.32%,182,182,9725,3.9,6.2,3757,1783,999,784,43,6742,500,238,8494,607,41,230,6440,2249,471,0,0,2471,717,508,209,609,0,0,0,525610
2014-06-03,0.418,200,315,1422,52%,43%,28.55%,26.95%,32.8%,136,136,9810,3.6,4.8,3553,1724,1142,582,52,6958,500,341,8521,590,44,315,6284,2462,577,0,0,2732,780,535,245,747,0,0,0,545674
2014-06-04,0.39,200,319,1283,51%,43%,27.24%,26.31%,29.91%,370,370,10221,4.1,5.9,3800,1481,960,521,77,6985,500,672,8490,641,67,290,6217,2269,503,0,0,2493,679,487,192,642,0,0,0,499070
2014-06-05,0.367,223,328,1096,50%,44%,28.89%,27.68%,32.29%,133,98,8684,4,4.8,2757,1494,1003,491,55,6007,473,279,7495,529,50,254,5532,1964,437,0,0,2177,629,444,185,573,0,0,0,486028
2014-06-06,0.445,211,312,977,52%,46%,28.38%,26.92%,32.08%,136,124,8024,4.3,5.6,2964,1324,800,524,36,5891,447,230,7044,520,30,215,5165,1705,418,0,0,1885,535,364,171,533,0,0,0,397105
2014-06-07,0.453,174,282,395,54%,57%,24.97%,25.89%,21.89%,90,57,2771,3.8,5.1,868,475,311,164,16,1725,141,96,2470,151,13,93,1794,680,134,0,0,729,182,145,37,169,0,0,0,126877
2014-06-08,0.448,152,173,427,54%,57%,22.24%,21.44%,25.31%,63,32,2547,3.2,3.6,583,380,277,103,15,1702,160,88,2282,167,14,84,1704,723,121,0,0,787,175,134,41,162,0,0,0,119995
2014-06-09,0.435,172,269,682,54%,49%,24.05%,22.88%,28.36%,191,98,4512,3.6,4.9,1301,675,493,182,22,3210,217,124,4062,236,20,114,3099,1163,207,0,0,1260,303,227,76,268,0,0,0,216938
2014-06-10,0.427,221,370,1228,53%,47%,26.27%,24.84%,30.26%,230,230,9558,4.1,6.1,3705,1396,870,526,37,6920,500,279,8267,573,27,260,6071,2095,469,0,0,2307,606,422,184,608,0,0,0,510472
2014-06-11,0.413,226,331,1162,50%,42%,28.2%,27.41%,30.37%,135,106,9421,4.1,5.5,3419,1610,1095,515,54,6628,500,289,8088,613,46,274,5897,2094,482,0,0,2319,654,466,188,619,0,0,0,525176
2014-06-12,0.374,208,310,1086,52%,45%,26.75%,25.62%,30%,88,88,8152,3.9,5.2,2830,1334,870,464,33,5470,456,245,7089,506,32,229,5144,1906,435,0,0,2082,557,395,162,540,0,0,0,432322
2014-06-13,0.365,215,332,962,51%,46%,27.65%,27.21%,28.73%,127,77,7426,4,5.3,2902,1178,739,439,46,5195,430,275,6318,482,40,252,4689,1689,424,0,0,1877,519,363,156,543,0,0,0,403234
2014-06-14,0.396,153,217,527,58%,55%,24.1%,22.38%,29.33%,48,40,2816,3.1,3.7,831,452,307,145,14,1934,140,107,2499,149,13,104,1926,831,172,0,0,913,220,154,66,225,0,0,0,139819
2014-06-15,0.527,196,166,556,60%,61%,19.87%,19.26%,22.47%,1665,65,4462,4.8,3.3,579,349,273,76,9,1939,142,91,2560,152,8,80,1957,867,137,0,0,931,185,145,40,178,0,0,0,182089
2014-06-16,0.507,206,321,1256,51%,47%,24.39%,23.85%,25.97%,95,88,9429,3.9,5.1,3160,1375,944,431,30,6521,500,301,8027,642,28,276,5948,2230,484,0,0,2444,596,436,160,616,0,0,0,504547
2014-06-17,0.369,227,320,1338,50%,42%,26.98%,26.15%,29.18%,181,132,10991,4.1,5.5,3984,1500,977,523,47,7591,500,333,9387,696,42,313,6849,2404,570,0,0,2654,716,505,211,723,0,0,0,603423
2014-06-18,0.446,220,347,1273,52%,47%,26.16%,24.24%,31.39%,317,94,9486,3.9,5.4,3524,1437,850,587,28,6594,500,262,8410,574,28,245,6124,2209,518,0,0,2439,638,433,205,653,0,0,0,536219
2014-06-19,0.379,200,308,1220,52%,46%,24.48%,24.05%,25.69%,125,125,8866,3.8,5.1,3119,1298,928,370,40,6176,458,234,7745,522,29,217,5711,2114,472,0,0,2328,570,412,158,615,0,0,0,465509
2014-06-20,0.368,230,433,1049,52%,42%,24.43%,22.68%,28.69%,264,264,8409,4.2,6.3,3730,1372,856,516,46,5858,465,224,7339,522,39,208,5376,1809,446,0,0,2022,494,325,169,589,0,0,0,465591
2014-06-21,0.4,154,258,467,57%,49%,22.09%,20.06%,29.12%,94,39,2672,3.3,4.2,759,489,353,136,12,1887,164,73,2428,170,11,69,1793,741,137,0,0,815,180,127,53,182,0,0,0,125228
2014-06-22,0.363,120,203,642,62%,61%,22.35%,22.38%,22.22%,54,46,2779,2.7,3.4,694,421,325,96,14,1926,168,76,2439,173,10,72,1844,960,164,0,0,1029,230,184,46,207,0,0,0,123568
2014-06-23,0.402,216,415,1258,54%,48%,24.51%,24.34%,25%,592,592,9340,4,6.2,3572,1250,885,365,51,5970,500,279,7622,558,41,260,5691,2108,451,0,0,2330,571,426,145,580,0,0,0,503925
2014-06-24,0.39,234,376,1179,52%,43%,28.76%,26.76%,33.74%,249,249,8772,3.8,5.7,3698,1586,1025,561,38,6090,500,260,7636,552,36,240,5480,2079,526,0,0,2281,656,436,220,652,0,0,0,534832
2014-06-25,0.368,150,368,2760,65%,45%,27.15%,26.28%,31.99%,223,223,11708,2.8,5.7,3716,2381,1773,608,48,7636,473,237,10583,539,48,215,8257,3999,512,0,0,4224,1147,940,207,647,0,0,0,635438
2014-06-26,0.401,164,344,2000,63%,48%,25.61%,25.11%,27.77%,209,209,9966,3.1,5.4,3265,1797,1312,485,31,6325,464,235,8811,522,30,213,6613,2974,472,0,0,3182,815,647,168,605,0,0,0,520552
2014-06-27,0.498,177,288,1215,56%,48%,24.76%,24.68%,25%,159,65,7366,3.4,4.3,2263,1099,791,308,16,4953,371,194,6563,415,14,183,5019,1998,421,0,0,2177,539,407,132,528,0,0,0,384434
2014-06-28,0.364,125,235,607,61%,54%,20.24%,19.65%,22.61%,58,55,2786,2.8,4.1,823,437,304,133,14,1919,147,95,2555,155,11,89,1889,927,157,0,0,998,202,157,45,199,0,0,0,125207
2014-06-29,0.436,133,199,649,62%,59%,23.49%,23.45%,23.65%,141,57,2956,2.8,3.4,696,467,344,123,11,1871,145,79,2723,148,10,74,2080,962,154,0,0,1043,245,197,48,203,0,0,0,138408
2014-06-30,0.391,216,382,1080,53%,44%,25.49%,24.19%,29.35%,129,124,7578,3.7,5.3,2717,1082,691,391,40,5348,443,204,6483,495,34,186,4708,1840,393,0,0,2028,517,367,150,511,0,0,0,437147
2014-07-01,0.396,200,306,1117,52%,48%,25.9%,26.4%,24.46%,137,117,8128,3.8,4.9,2743,1164,848,316,27,5652,464,246,7072,523,25,222,5196,1975,450,0,0,2162,560,424,136,556,0,0,0,433182
2014-07-02,0.423,227,347,1128,53%,44%,27.14%,25.9%,30.89%,277,277,8419,3.9,5.8,3069,1342,950,392,31,5934,500,245,7269,560,28,231,5390,1955,412,0,0,2141,581,417,164,531,0,0,0,486281
2014-07-03,0.396,218,283,1126,52%,44%,27.86%,27.18%,29.79%,855,97,8442,3.9,4.6,2581,1243,845,398,38,5466,467,233,6638,509,33,202,5037,1996,450,0,0,2168,604,436,168,564,0,0,0,473241
2014-07-04,0.351,170,325,1286,58%,48%,21.39%,19.91%,25.96%,156,156,7375,3.3,5.5,2986,1001,642,359,33,5279,383,264,6457,428,31,239,4789,2064,444,0,0,2235,478,336,142,547,0,0,0,380802
2014-07-05,0.382,134,288,683,60%,46%,21.87%,20.21%,29.9%,66,61,3181,2.8,4,774,664,505,159,6,2290,138,160,2877,147,6,153,2166,1063,149,0,0,1134,248,190,58,194,0,0,0,151848
2014-07-06,0.54,136,273,973,67%,59%,17.42%,16.09%,24.56%,166,78,4300,3,4.6,1046,580,417,163,21,3035,160,132,3869,168,19,121,2984,1365,173,0,0,1452,253,197,56,228,0,0,0,197694
2014-07-07,0.359,159,356,1856,54%,47%,24.93%,24.01%,29.11%,108,108,11008,3.2,5.3,3277,1819,1315,504,53,6966,500,295,8702,1501,47,276,6569,3212,493,0,0,3430,855,676,179,615,0,0,0,544933
2014-07-08,0.373,166,394,2292,49%,45%,25.88%,24.96%,31.19%,345,345,14877,3.2,6,4213,2557,1868,689,47,8606,466,314,10738,2792,44,293,8197,4445,566,0,0,4690,1214,996,218,699,0,0,0,778741
2014-07-09,0.395,182,296,1521,53%,48%,25.93%,25.31%,28.03%,158,76,9893,3.4,4.4,2929,1593,1133,460,52,6939,483,283,8550,775,43,266,6466,2649,529,0,0,2873,745,560,185,660,0,0,0,523051
2014-07-10,0.395,245,319,1310,49%,43%,29.79%,28.21%,34.93%,640,172,11343,4.3,5.2,3267,1807,1222,585,45,7608,463,334,9401,589,44,297,6993,2434,488,0,0,2662,793,574,219,627,0,0,0,652827
2014-07-11,0.337,219,302,1281,48%,44%,32.8%,31.73%,36.15%,224,224,10930,4.1,5.6,3632,2103,1462,641,37,7029,500,367,9780,591,32,339,6979,2461,518,0,0,2683,880,645,235,650,0,0,0,587598
2014-07-12,0.413,145,176,567,61%,61%,23.37%,23.29%,23.65%,59,38,2830,3,3.2,647,445,342,103,16,1916,109,85,2544,129,15,81,1950,851,153,0,0,933,218,170,48,203,0,0,0,134855
2014-07-13,0.475,147,228,562,60%,65%,22.5%,22.45%,22.7%,93,62,2717,2.9,3.1,570,402,305,97,24,1913,130,100,2458,150,22,90,1860,856,138,0,0,929,209,167,42,185,0,0,0,136532
2014-07-14,0.414,146,231,613,60%,61%,21.76%,20.82%,25.23%,59,59,2987,2.9,3.9,844,461,310,151,19,2165,124,85,2752,139,16,78,2085,940,164,0,0,1025,223,168,55,218,0,0,0,149428
2014-07-15,0.386,213,352,1166,51%,44%,27.15%,25.96%,30.74%,112,80,8819,3.9,5.4,3032,1513,1007,506,69,5795,491,333,7663,540,58,292,5666,2093,457,0,0,2276,618,444,174,566,0,0,0,484805
2014-07-16,0.338,219,353,1135,53%,46%,28.95%,28.08%,31.39%,260,260,8733,4,6,3406,1498,959,539,42,6188,488,244,7620,535,35,224,5607,1954,437,0,0,2159,625,447,178,567,0,0,0,472621
2014-07-17,0.406,223,324,1090,52%,47%,26.83%,26.14%,29%,151,77,8074,3.9,5,2507,1233,873,360,40,5574,468,216,7086,511,35,202,5280,1928,404,0,0,2095,562,417,145,500,0,0,0,467908
2014-07-18,0.406,212,308,1124,54%,50%,25.79%,23.64%,31.2%,184,184,8137,3.9,5.2,3070,1347,771,576,38,6030,397,263,7215,437,37,245,5264,1864,458,0,0,2078,536,351,185,593,0,0,0,441462
2014-07-19,0.395,163,252,495,59%,58%,22.54%,21.21%,26.9%,66,66,2802,3.3,3.7,730,395,257,138,12,2051,94,94,2628,103,11,93,1871,781,155,0,0,843,190,137,53,197,0,0,0,137709
2014-07-20,0.355,158,241,645,58%,66%,21.82%,21.9%,21.5%,55,55,3508,3.1,3.6,720,539,397,142,26,2335,176,96,3164,187,25,90,2317,1041,155,0,0,1118,244,201,43,200,0,0,0,176980
2014-07-21,0.407,193,330,1331,52%,44%,28.46%,27.5%,31.43%,83,83,9693,3.8,5.3,3366,1567,1046,521,55,6746,500,269,8513,563,43,246,6393,2354,512,0,0,2572,732,534,198,630,0,0,0,496208
2014-07-22,0.411,191,274,1253,52%,47%,27.22%,25.68%,31.42%,85,67,8658,3.6,4.5,2927,1436,950,486,66,6304,456,249,7738,496,63,235,5799,2203,511,0,0,2414,657,454,203,646,0,0,0,461571
2014-07-23,0.406,196,283,1141,52%,46%,28.58%,27.7%,30.88%,167,167,8909,4,5.4,3283,1432,934,498,40,6360,469,262,7702,531,36,241,5767,1981,465,0,0,2215,633,444,189,612,0,0,0,435010
2014-07-24,0.395,201,360,1737,50%,45%,27.85%,27.31%,30%,120,93,12883,3.7,4.9,3432,2007,1470,537,41,9475,500,429,11543,627,34,398,8857,3233,551,0,0,3497,974,764,210,700,0,0,0,703548
2014-07-25,0.412,198,353,1106,52%,45%,27.71%,26.42%,31.62%,78,77,7407,3.5,5.1,2669,1292,847,445,28,5354,355,197,6545,393,28,185,4908,1922,398,0,0,2115,586,420,166,525,0,0,0,418415
2014-07-26,0.503,163,269,551,59%,58%,21.88%,22.64%,18.82%,1079,78,3896,4.2,4.1,768,491,351,140,12,3088,123,61,3729,127,11,56,2580,854,141,0,0,928,203,168,35,186,0,0,0,150992
2014-07-27,0.619,140,150,558,62%,64%,21.46%,21.07%,22.92%,62,35,2516,2.8,2.9,551,427,319,108,19,1670,91,72,2328,98,17,70,1788,825,146,0,0,904,194,150,44,192,0,0,0,126255
2014-07-28,0.381,213,293,1204,53%,49%,25.43%,25.16%,26.22%,1740,148,9765,4.3,4.7,2722,1227,835,392,38,5885,414,238,7128,457,36,214,5272,2057,437,0,0,2265,576,425,151,576,0,0,0,481547
2014-07-29,0.397,181,304,1249,52%,46%,26.93%,25.35%,31.76%,115,115,9194,3.8,5.4,3198,1461,955,506,43,6382,472,293,8078,536,38,274,5967,2197,474,0,0,2399,646,458,188,592,0,0,0,434075
2014-07-30,0.239,198,420,1126,54%,47%,26.45%,25.99%,27.98%,97,97,7822,3.7,5.7,2760,1295,852,443,32,15138,450,260,16721,496,29,235,14412,1941,383,0,0,2102,556,420,136,486,0,0,0,415889
2014-07-31,0.193,225,445,1087,55%,50%,25.8%,23.69%,32.49%,14800,14800,22546,11.4,37.6,17835,1143,751,392,49,10403,363,213,11782,393,41,202,10288,1817,380,0,0,1977,510,356,154,474,0,0,0,443866
2014-08-01,0.449,181,341,908,55%,43%,25.18%,23.75%,29.95%,100,100,5689,3.4,5,1902,1016,642,374,37,3978,345,187,4960,379,33,169,3671,1521,299,0,0,1664,419,304,115,384,0,0,0,300535
2014-08-02,0.333,164,320,483,58%,56%,20.69%,20.76%,20.33%,125,125,2894,3.5,5.2,638,452,347,105,11,2165,117,50,2666,120,11,49,1984,797,102,0,0,836,173,148,25,123,0,0,0,137167
2014-08-03,0.406,150,314,522,59%,58%,20.96%,20.82%,21.62%,489,489,3078,3.5,7.5,1117,394,290,104,17,2314,110,80,2897,112,17,76,2183,834,120,0,0,878,184,152,32,148,0,0,0,131768
2014-08-04,0.318,186,310,1139,50%,45%,27.49%,27.07%,29.22%,96,78,8355,3.7,5.2,2273,1385,1031,354,46,7742,386,302,9116,429,42,274,7220,2104,367,0,0,2259,621,493,128,438,0,0,0,420941
2014-08-05,0.138,217,384,1055,51%,51%,27.91%,27.78%,28.38%,14597,14597,23306,11.3,39.2,17393,1334,974,360,35,18925,372,260,20638,445,31,242,18845,1922,353,0,0,2071,578,452,126,444,0,0,0,449196
2014-08-06,0.394,198,271,1015,52%,45%,25.99%,24.74%,30.68%,293,171,7749,3.9,5.3,2212,1232,838,394,27,5086,402,250,6835,432,22,226,4982,1827,347,0,0,1962,510,383,127,414,0,0,0,387630
2014-08-07,0.412,206,297,900,50%,44%,28.42%,28.83%,27.17%,124,112,7724,4.3,5.1,2272,1198,825,373,40,5176,407,235,6711,442,35,209,4805,1668,375,0,0,1805,513,391,122,449,0,0,0,372222
2014-08-08,0.113,191,356,898,56%,49%,25.45%,25.44%,25.49%,14435,14435,20250,12.5,41,16875,1184,679,505,33,18547,219,187,19778,234,30,159,18620,1465,319,0,0,1615,411,306,105,412,0,0,0,307882
2014-08-09,0.407,134,145,443,58%,64%,20.47%,22.2%,12.77%,91,91,2388,3.1,3.5,492,328,294,34,14,1662,83,72,2216,87,12,69,1676,712,106,0,0,767,157,139,18,141,0,0,0,102928
2014-08-10,0.462,141,220,489,57%,55%,24.39%,24.24%,25%,40,38,2574,3,4,667,407,316,91,11,1794,125,90,2335,131,9,86,1749,792,125,0,0,857,209,167,42,168,0,0,0,121243
2014-08-11,0.54,169,276,1013,56%,50%,24.47%,23.56%,27.4%,101,78,6044,3.4,4.3,1839,925,639,286,27,4280,333,183,5342,354,25,170,4052,1645,335,0,0,1794,439,322,117,427,0,0,0,303901
2014-08-12,0.525,213,374,992,53%,45%,26.9%,26.26%,28.96%,116,85,6399,3.4,4.9,2154,1044,675,369,32,4719,311,223,5739,331,30,202,4407,1680,345,0,0,1855,499,371,128,442,0,0,0,394833
2014-08-13,0.281,241,470,876,50%,44%,27.23%,24.89%,34.34%,1320,1320,8773,5.1,10.1,4353,1241,752,489,43,9433,388,213,10512,421,37,193,6886,1556,317,0,0,1737,473,325,148,431,0,0,0,419008
2014-08-14,0.109,184,347,941,55%,48%,27.36%,26.19%,31.47%,6717,6717,12867,7.6,23,8621,1029,697,332,31,25376,292,210,27218,315,28,189,14876,1542,278,0,0,1696,464,346,118,375,0,0,0,312850
2014-08-15,0.068,207,744,622,62%,64%,20.94%,21.62%,17.11%,22331,22331,40084,40,248.1,37718,390,346,44,16,21203,116,82,22310,117,15,80,19297,946,119,0,0,1003,210,184,26,152,0,0,0,207580
2014-08-16,0.065,189,526,479,64%,58%,24.6%,25.33%,21.21%,14751,14751,16617,22.3,114.6,15133,376,292,84,4,15343,67,75,16529,70,4,71,15138,702,103,0,0,744,183,155,28,132,0,0,0,140414
2014-08-17,0.342,106,202,507,61%,58%,23.15%,23.81%,20.26%,85,58,2059,2.5,3,455,358,284,74,12,1465,78,75,1962,81,10,71,1501,772,126,0,0,825,191,160,31,153,0,0,0,87134
2014-08-18,0.314,182,306,991,54%,49%,27.14%,26.83%,28.31%,1656,1656,7754,4.3,9.1,3506,1099,794,305,23,5887,291,206,7192,308,20,200,5810,1679,308,0,0,1820,494,385,109,385,0,0,0,331754
2014-08-19,0.44,201,360,996,54%,46%,27.37%,25.81%,32.1%,115,115,6565,3.6,5.1,2329,1094,721,373,32,4693,336,227,5725,366,29,211,4306,1697,367,0,0,1845,505,358,147,458,0,0,0,371377
2014-08-20,0.39,185,291,1002,56%,52%,25.44%,25.32%,25.93%,308,59,6699,3.7,4.9,1853,1131,818,313,52,4692,330,223,5930,367,43,202,4445,1680,307,0,0,1800,458,360,98,378,0,0,0,333638
2014-08-21,0.417,216,324,959,54%,49%,29.44%,29.28%,29.93%,133,92,6949,3.9,5.4,2338,1189,841,348,51,4930,334,290,5973,371,50,260,4459,1636,349,0,0,1770,521,392,129,431,0,0,0,382050
2014-08-22,0.698,194,320,1340,50%,46%,26.37%,25.6%,29.8%,208,208,9884,3.7,5.7,2817,1504,1181,323,32,6527,420,283,8744,564,30,254,6343,2469,403,0,0,2658,701,555,146,490,0,0,0,516777
2014-08-23,0.45,147,236,653,58%,64%,22.08%,21.85%,23.46%,40,36,3289,2.9,3.2,520,455,375,80,17,2243,142,97,3045,154,17,91,2276,1066,137,0,0,1123,248,210,38,162,0,0,0,164874
2014-08-24,0.458,134,176,573,58%,58%,22.44%,22.64%,21.55%,71,34,2668,2.7,3.1,566,415,334,81,11,1738,113,80,2491,114,9,74,1859,919,148,0,0,985,221,182,39,181,0,0,0,131756
2014-08-25,0.482,167,273,1223,55%,47%,26.37%,24.92%,32.02%,88,83,7596,3.4,5.1,2304,1335,882,453,25,5295,438,192,6615,500,23,181,4985,2044,345,0,0,2230,588,442,146,456,0,0,0,372426
2014-08-26,0.444,169,307,1208,55%,47%,26.32%,25.29%,29.9%,154,154,7735,3.5,5.5,2710,1233,798,435,32,5326,388,233,6683,431,30,217,4933,2066,413,0,0,2215,583,435,148,495,0,0,0,374592
2014-08-27,0.397,173,256,1195,55%,51%,26.79%,25.75%,30.75%,110,110,7563,3.5,5.1,2327,1209,879,330,37,5435,352,263,6703,394,33,246,5050,2030,375,0,0,2176,583,444,139,452,0,0,0,377297
2014-08-28,0.334,186,332,1124,54%,50%,24.93%,24.42%,26.64%,749,749,7899,3.8,6.4,3041,1170,811,359,46,5848,341,237,7133,370,40,212,5078,1896,381,0,0,2066,515,389,126,473,0,0,0,383845
2014-08-29,0.377,151,240,1110,57%,50%,26.84%,26.79%,27.06%,188,65,6513,3.3,4.1,1556,1074,820,254,83,4582,364,225,5653,376,68,201,4162,1822,304,0,0,1952,524,422,102,377,0,0,0,293857
2014-08-30,0.359,139,223,561,61%,63%,22.84%,23.63%,19.28%,116,90,2806,3.1,3.5,589,462,362,100,12,2004,107,67,2655,115,11,65,1983,855,131,0,0,915,209,177,32,166,0,0,0,127559
2014-08-31,0.355,145,186,593,59%,57%,25.15%,25%,25.81%,132,56,2989,3,3.1,583,550,444,106,11,2039,126,115,2776,130,11,101,2048,924,143,0,0,1002,252,204,48,186,0,0,0,145230
2014-09-01,0.465,169,230,1273,57%,51%,25.73%,,24.59%,74,54,7365,3.3,3.9,1894,1237,,0,45,5379,395,265,6483,437,43,245,4889,2078,389,0,0,2239,576,,119,484,0,,0,377613
2014-09-02,0.38,170,290,1345,56%,48%,26.54%,,29.29%,252,252,8297,3.5,5,2604,1278,,0,40,5823,440,224,7348,477,38,211,5643,2211,424,0,0,2393,635,,152,519,0,,0,407601
2014-09-03,0.375,173,288,1306,55%,49%,28.83%,,30.35%,224,224,8385,3.5,5.3,2723,1466,,0,39,5966,395,229,7467,445,36,214,5537,2223,417,0,0,2393,690,,156,514,0,,0,414323
2014-09-04,0.379,167,275,1346,57%,53%,27.58%,,27.68%,196,78,8286,3.5,4.4,2189,1543,,0,45,6048,480,225,7161,526,41,206,5188,2162,390,0,0,2346,647,,137,495,0,,0,391805
2014-09-05,0.452,222,384,1170,55%,48%,28.39%,,31.9%,3727,698,11887,5.6,7.4,3286,1301,,0,28,6081,421,223,7181,463,25,206,5102,1976,353,0,0,2124,603,,141,442,0,,0,471202
2014-09-06,0.421,120,161,621,62%,59%,24.7%,,23.46%,112,32,2825,2.8,3.4,614,479,,0,15,1911,112,86,2633,115,14,82,2024,943,152,0,0,1004,248,,42,179,0,,0,120038
2014-09-07,0.5,101,147,657,64%,65%,22.73%,,22.38%,58,58,2542,2.5,3.4,487,432,,0,10,1670,133,80,2326,137,10,77,1837,979,125,0,0,1025,233,,32,143,0,,0,103643
2014-09-08,0.448,175,265,1459,56%,51%,27.38%,,29.38%,333,333,9208,3.6,5,3018,1587,,0,52,6924,444,256,8266,482,49,236,6106,2393,494,0,0,2586,708,,176,599,0,,0,453820
2014-09-09,0.433,167,264,1684,57%,52%,28%,,30.43%,187,59,9749,3.3,4.3,2660,1658,,0,43,7269,480,312,8614,527,41,291,6371,2736,511,0,0,2929,820,,189,621,0,,0,490086
2014-09-10,0.405,175,256,1679,57%,50%,29.29%,,30.83%,113,94,9312,3.2,4.4,2696,1702,,0,43,6753,467,289,8237,527,38,263,6303,2733,519,0,0,2936,860,,189,613,0,,0,513760
2014-09-11,0.392,171,228,1469,56%,50%,27.13%,,26.75%,293,53,8631,3.3,3.8,2184,1431,,0,24,6083,441,247,7456,505,24,232,5618,2415,465,0,0,2606,707,,153,572,0,,0,445220
2014-09-12,0.423,162,256,1140,55%,48%,25.19%,,28.54%,191,40,6465,3.1,3.7,1660,1082,,0,24,4705,365,193,5696,397,21,173,4332,1919,360,0,0,2060,519,,127,445,0,,0,333695
2014-09-13,0.366,169,232,1523,65%,63%,38.77%,,23.62%,179,179,5520,2.4,4.2,1128,1937,,0,13,3741,145,262,5193,150,12,242,3697,2201,226,0,0,2337,906,,64,271,0,,0,395757
2014-09-14,0.481,139,219,935,63%,62%,28.61%,,23.53%,160,67,3915,2.6,3.9,1005,824,,0,11,2561,145,140,3495,151,10,130,2693,1393,212,0,0,1482,424,,60,255,0,,0,206335
2014-09-15,0.414,204,328,1554,56%,49%,28.88%,,29.43%,2017,366,12426,4.5,5.5,3405,1800,,0,54,7452,500,307,10942,627,49,272,7280,2576,488,0,0,2787,805,,181,615,0,,0,568619
2014-09-16,0.399,201,303,1489,55%,51%,29.38%,,30.38%,160,160,10162,3.7,5.4,3222,1878,,0,59,7407,500,283,8857,618,50,265,6454,2491,484,0,0,2713,797,,182,599,0,,0,546471
2014-09-17,0.671,235,432,1262,46%,44%,1.59%,,1.91%,1121,132,14107,5.1,6.5,2052,53,,0,817,8452,500,934,9890,742,700,831,6924,2540,235,0,0,2762,44,,6,314,0,,0,649270
2014-09-18,1.691,210,374,1287,47%,41%,0.47%,,1.52%,112,93,10973,4,5.8,2302,15,,0,588,7141,500,874,8236,726,542,805,6252,2517,296,0,0,2738,13,,6,395,0,,0,574529
2014-09-19,0.89,209,367,1187,46%,44%,0.27%,,0.78%,277,85,11601,4.5,5.7,2181,7,,0,646,7647,500,924,8780,695,588,814,6428,2364,286,0,0,2562,7,,3,385,0,,0,536309
2014-09-20,1.219,142,221,589,51%,58%,0.7%,,0.64%,91,91,4154,3.6,4.6,720,8,,0,257,2698,217,315,3221,234,235,285,2497,1065,115,0,0,1148,8,,1,156,0,,0,163499
2014-09-21,2.145,170,273,693,49%,44%,0.49%,,1.07%,72,43,4892,3.4,4.5,834,7,,0,299,3260,237,342,3827,250,272,317,2926,1334,150,0,0,1425,7,,2,187,0,,0,242258
2014-09-22,2.119,200,389,1477,44%,41%,0.48%,,0.94%,101,100,13149,4,6.2,2636,16,,0,1081,8417,500,1008,9836,732,969,912,7216,3108,310,0,0,3324,16,,4,425,0,,0,665507
2014-09-23,1.696,207,354,1409,46%,45%,0.59%,,0.79%,252,116,13266,4.4,6.4,3232,18,,0,951,8512,500,1062,9777,835,788,927,7057,2809,401,0,0,3032,18,,4,504,0,,0,626794
2014-09-24,2.204,211,391,1320,46%,41%,0.31%,,0.66%,331,173,12172,4.2,5.9,2718,9,,0,918,7804,500,892,9111,731,786,791,6634,2703,355,0,0,2900,9,,3,457,0,,0,611211
2014-09-25,1.675,197,354,1335,46%,43%,0.55%,,0.88%,184,184,12642,4.4,6.7,3035,16,,0,767,8262,500,1066,9574,698,679,958,6994,2707,364,0,0,2887,16,,4,454,0,,0,568132
2014-09-26,2.383,219,453,1119,45%,40%,0.49%,0.4%,0.88%,300,300,11303,4.6,7.1,3251,13,9,4,631,7284,500,882,8507,695,547,795,6438,2271,354,0,0,2464,12,8,4,455,0,0,0,538443
2014-09-27,4.142,188,301,573,51%,51%,0.97%,0.72%,2.53%,128,103,4033,3.6,4.9,778,10,6,4,243,2541,159,357,3117,166,220,326,2454,1071,134,0,0,1134,11,7,4,158,0,0,0,212876
2014-09-28,3.418,148,311,720,53%,51%,0.37%,0.09%,1.98%,202,202,4317,3.2,5.5,1101,5,1,4,226,2898,175,320,3553,185,209,302,2859,1265,160,0,0,1350,5,1,4,202,0,0,0,199415
2014-09-29,3.909,239,451,1386,47%,39%,0.72%,0.63%,1.09%,241,188,12967,4.4,7,3845,21,15,6,772,8467,500,1033,9759,680,646,883,7066,2702,427,0,0,2926,21,15,6,552,0,0,0,700320
2014-09-30,1.997,240,414,1345,45%,40%,0.23%,0.21%,0.34%,343,343,15002,5,9.4,5445,7,5,2,934,10234,500,1257,11345,807,810,1048,7902,2749,455,0,0,2988,7,5,2,582,0,0,0,716483
2014-10-01,1.376,203,409,1330,45%,40%,0.38%,0.29%,0.72%,265,265,13336,4.5,8.2,4575,11,7,4,856,8634,500,963,9850,841,766,865,7160,2697,431,0,0,2931,11,7,4,555,0,0,0,596353
2014-10-02,1.94,202,383,1353,49%,40%,0.32%,0.27%,0.55%,263,263,12106,4.4,7.2,3876,10,7,3,950,7618,500,892,8923,771,849,800,6587,2556,411,0,0,2771,9,6,3,541,0,0,0,560850
2014-10-03,2.056,218,353,1166,46%,40%,8.13%,,9.72%,226,226,11208,4.4,6.5,3484,289,,0,789,7237,500,811,8191,747,696,739,5946,2344,413,0,0,2547,207,,52,535,0,,0,554482
2014-10-04,1.335,141,261,619,52%,48%,6.45%,,8.9%,60,48,3841,3.2,4.6,873,118,,0,249,2506,163,275,3035,174,231,244,2349,1126,151,0,0,1194,77,,17,191,0,,0,168421
2014-10-05,3.052,208,384,714,49%,41%,7.89%,,10.42%,249,114,5635,3.8,5.2,1356,175,,0,350,3646,280,414,4386,300,322,375,3434,1360,207,0,0,1471,116,,27,259,0,,0,306022
2014-10-06,4.313,236,441,1315,44%,40%,7.93%,,11.15%,199,199,13003,4.4,7.9,4836,365,,0,923,8780,500,1047,9797,746,768,943,7121,2715,486,0,0,2964,235,,68,610,0,,0,700119
2014-10-07,2.067,205,340,1392,46%,41%,7.67%,,7.87%,410,410,14195,4.7,7,4271,350,,0,908,9359,500,971,10796,832,758,872,7754,2801,484,0,0,3039,233,,48,610,0,,0,622206
2014-10-08,1.002,203,306,1352,45%,39%,7.19%,,8.87%,117,78,13087,4.3,5,2900,336,,0,911,8701,500,924,9871,775,791,844,7292,2811,449,0,0,3033,218,,51,575,0,,0,615389
2014-10-09,2.775,201,305,1314,45%,40%,6.67%,,9%,117,116,11775,4,5.2,3306,292,,0,753,7713,500,869,8728,820,670,797,6568,2707,512,0,0,2940,196,,57,633,0,,0,591017
2014-10-10,1.825,227,399,1149,45%,42%,7.57%,,11.28%,212,212,11414,4.5,7.5,3831,302,,0,755,7415,500,773,8539,730,659,699,6436,2366,408,0,0,2551,193,,58,514,0,,0,577899
2014-10-11,3.012,175,270,593,48%,49%,7%,,8.66%,76,41,4226,3.4,4.1,1032,124,,0,250,2766,229,300,3241,249,225,270,2570,1119,187,0,0,1229,86,,22,254,0,,0,214989
2014-10-12,1.841,136,222,786,51%,46%,6.08%,,8.85%,82,82,5047,3.3,4.2,1097,139,,0,316,3264,292,367,3855,310,285,349,3088,1446,209,0,0,1547,94,,23,260,0,,0,209682
2014-10-13,1.876,220,361,1383,46%,42%,8.43%,,12.23%,161,161,13287,4.4,6.2,3825,379,,0,858,8459,500,948,9871,860,751,859,7307,2813,499,0,0,3038,256,,75,613,0,,0,669371
2014-10-14,1.529,226,384,1456,46%,41%,8.45%,,8.99%,212,86,14686,4.6,5.9,3526,426,,0,1093,9442,500,1131,10702,1004,927,988,7818,2958,496,0,0,3185,269,,54,601,0,,0,718532
2014-10-15,1.289,224,384,1260,43%,38%,8.64%,,9.75%,229,163,13848,4.8,6.8,4048,400,,0,887,8959,500,988,10218,921,790,855,7513,2678,475,0,0,2905,251,,58,595,0,,0,650414
2014-10-16,2.264,230,428,1258,44%,37%,8.35%,,12.76%,161,161,12130,4.3,6.4,4075,384,,0,829,7795,500,917,9057,829,719,819,6786,2585,477,0,0,2850,238,,81,635,0,,0,655431
2014-10-17,1.676,217,342,1149,47%,44%,8.4%,,9.53%,156,156,10537,4.3,5.8,3230,332,,0,682,6881,500,743,7954,585,624,677,5988,2230,449,0,0,2429,204,,53,556,0,,0,526309
2014-10-18,0.671,177,394,586,50%,45%,8.55%,7.85%,11.5%,84,84,4544,3.9,7.1,1603,172,110,62,298,2825,275,311,3479,295,269,287,2619,1091,178,0,0,1169,100,74,26,226,0,0,0,207170
2014-10-19,0.672,209,453,678,50%,47%,9.42%,9.32%,9.85%,242,242,5586,4.1,7.4,1948,201,149,52,300,3701,298,440,4213,324,280,395,3160,1258,207,0,0,1359,128,102,26,264,0,0,0,284513
2014-10-20,0.625,218,408,1225,45%,39%,8.34%,7.92%,9.86%,181,181,11744,4.3,6.6,3877,348,234,114,773,7258,500,800,8472,923,695,724,6381,2486,452,0,0,2721,227,169,58,588,0,0,0,593598
2014-10-21,0.645,218,366,1332,46%,41%,8.57%,7.86%,10.91%,159,159,13048,4.5,6.8,4534,389,246,143,768,8478,500,958,9855,797,696,873,7293,2628,540,0,0,2871,246,173,73,669,0,0,0,625988
2014-10-22,0.596,228,422,1241,44%,37%,7.85%,6.6%,12.11%,137,136,13768,4.8,7.3,4712,421,232,189,789,8987,500,1033,10214,872,724,928,7374,2621,530,0,0,2840,223,145,78,644,0,0,0,648760
2014-10-23,0.684,235,424,1155,44%,41%,8.31%,7.32%,11.79%,366,194,11831,4.6,7,4012,402,218,184,782,8096,500,864,9064,784,720,767,6636,2366,455,0,0,2598,216,148,68,577,0,0,0,611580
2014-10-24,0.648,211,359,1054,46%,41%,8.48%,,10.25%,307,197,10552,4.6,6.4,3293,323,,0,600,6760,500,671,7781,701,550,591,5762,2102,414,0,0,2289,194,,53,517,0,,0,482912
2014-10-25,0.594,140,202,522,52%,57%,8.11%,,7.51%,77,77,3588,3.5,4.4,769,139,,0,264,2289,193,268,2750,204,226,240,2097,949,141,0,0,1011,82,,13,173,0,,0,141807
2014-10-26,0.793,160,271,539,47%,44%,8.48%,,12.57%,183,40,4384,3.8,4.7,792,140,,0,238,2946,240,346,3356,251,219,319,2531,1099,136,0,0,1156,98,,21,167,0,,0,185123
2014-10-27,0.652,206,374,1109,45%,38%,8.59%,,10.55%,140,140,10434,4.2,6.2,3421,345,,0,762,6611,500,713,7788,667,700,659,5843,2296,449,0,0,2492,214,,58,550,0,,0,512463
2014-10-28,0.578,212,382,1176,46%,38%,8.74%,,13.4%,330,170,11847,4.6,7.3,4134,409,,0,751,7607,500,900,8849,698,679,790,6540,2375,455,0,0,2574,225,,76,567,0,,0,546688
2014-10-29,0.559,219,365,1097,43%,38%,8.71%,,8.87%,212,212,12573,4.9,7.1,4307,370,,0,809,8136,500,889,9479,708,731,795,6963,2343,480,0,0,2560,223,,54,609,0,,0,559852
2014-10-30,0.562,223,414,1162,46%,42%,8.28%,,9.64%,493,493,12195,4.8,7.7,4550,375,,0,759,7967,500,860,9073,801,677,788,6642,2342,470,0,0,2547,211,,57,591,0,,0,568571
2014-10-31,0.681,223,394,909,43%,37%,11.03%,,13.86%,96,96,9717,4.6,6.4,3167,362,,0,629,6422,500,788,7228,583,565,715,5450,1923,381,0,0,2104,232,,69,498,0,,0,469179
2014-11-01,0.632,187,355,535,48%,54%,10.99%,,13.76%,172,172,4911,4.4,7.4,1607,199,,0,247,3247,231,395,3797,239,229,357,2923,1029,171,0,0,1110,122,,30,218,0,,0,207121
2014-11-02,0.592,188,313,709,49%,48%,11.73%,,11.81%,86,86,6090,4.2,6.7,1705,262,,0,324,4180,308,497,4699,320,299,445,3506,1363,199,0,0,1449,170,,30,254,0,,0,272448
2014-11-03,0.598,202,289,1350,45%,43%,10.73%,,12.05%,117,117,13451,4.4,5.9,3950,476,,0,862,8390,500,982,10072,831,778,896,7535,2774,522,0,0,3030,325,,81,672,0,,0,612640
2014-11-04,0.657,219,329,1208,43%,39%,9.57%,,11.66%,605,85,13987,5,5.7,3571,457,,0,824,9372,500,988,10656,768,726,886,7964,2614,519,0,0,2811,269,,73,626,0,,0,615451
2014-11-05,0.511,200,317,1254,43%,41%,9.21%,,10.4%,223,223,13063,4.5,6.3,4074,431,,0,832,8602,500,977,9785,780,733,884,7172,2681,491,0,0,2921,269,,67,644,0,,0,584956
2014-11-06,0.728,221,358,1259,45%,42%,9.49%,,9.93%,312,155,13501,4.8,6.6,4548,480,,0,990,8461,500,976,10068,816,886,863,7376,2546,542,0,0,2793,265,,68,685,0,,0,617093
2014-11-07,0.55,215,340,1080,45%,41%,8.57%,,10.79%,222,106,10711,4.5,6,3570,324,,0,726,6994,500,776,7901,681,639,701,5868,2193,471,0,0,2403,206,,64,593,0,,0,517153
2014-11-08,0.606,169,321,656,46%,49%,7.98%,,9.59%,131,131,5466,3.8,6.3,1371,147,,0,474,3460,273,308,4228,287,432,285,3170,1351,176,0,0,1429,114,,21,219,0,,0,241099
2014-11-09,0.629,156,304,686,48%,45%,7.79%,,10.97%,103,103,5046,3.5,4.9,1170,167,,0,406,3216,255,336,3830,266,362,301,3019,1335,198,0,0,1424,111,,26,237,0,,0,222256
2014-11-10,0.595,195,374,1282,44%,37%,7.25%,,10.54%,288,182,13056,4.5,6.9,3602,403,,0,1180,8148,500,820,9647,720,1036,744,7025,2738,430,0,0,2926,212,,55,522,0,,0,569641
2014-11-11,0.604,164,309,1016,47%,43%,8.69%,,11.83%,89,89,8206,3.8,6.2,2194,349,,0,666,5268,363,561,6321,392,613,512,4850,2049,297,0,0,2174,189,,42,355,0,,0,356906
2014-11-12,0.658,199,319,1481,46%,40%,8.25%,7.05%,12.55%,97,97,12913,4,5.3,3722,472,310,162,977,8126,500,855,9615,773,863,748,7222,2932,553,0,0,3199,264,176,88,701,0,0,0,637599
2014-11-13,0.543,189,279,1359,45%,44%,8.42%,,13.15%,617,115,13580,4.5,5.4,3746,420,,0,1052,8899,500,886,10033,898,856,797,7338,2735,537,0,0,3005,253,,91,692,0,,0,568984
2014-11-14,0.601,192,322,1518,47%,38%,7.38%,,12.75%,209,209,13491,4.2,6.4,4233,532,,0,973,9034,500,879,10309,803,835,790,7691,2981,542,0,0,3199,236,,84,659,0,,0,613954
2014-11-15,0.694,156,258,819,51%,49%,7.88%,,7.82%,125,125,5876,3.7,5,1464,196,,0,426,3817,270,394,4531,276,373,357,3519,1490,236,0,0,1600,126,,23,294,0,,0,249775
2014-11-16,0.74,169,287,854,49%,43%,9.08%,,13.29%,109,109,6791,3.9,5.3,1840,305,,0,483,4430,323,507,5205,340,445,456,4042,1646,289,0,0,1751,159,,46,346,0,,0,296469
2014-11-17,0.631,213,378,1473,44%,38%,8.04%,,10.9%,211,158,14597,4.3,6,4429,432,,0,1126,9021,500,1005,10844,893,949,920,8076,3090,593,0,0,3357,270,,81,743,0,,0,715902
2014-11-18,0.614,215,361,1372,45%,42%,9.39%,,14.35%,132,132,13626,4.4,6.3,4412,506,,0,1012,8673,500,989,10142,795,867,870,7500,2827,541,0,0,3077,289,,100,697,0,,0,661706
2014-11-19,0.575,213,368,1334,45%,39%,9.08%,,14.76%,110,110,13642,4.6,6.5,4509,434,,0,1001,8851,500,939,10135,853,905,844,7587,2737,550,0,0,2986,271,,102,691,0,,0,636984
2014-11-20,0.575,224,387,1303,44%,40%,9.73%,,13.4%,292,292,14342,4.8,6.8,5030,590,,0,957,9368,500,1100,10661,908,876,986,7668,2731,595,0,0,2992,291,,99,739,0,,0,671191
2014-11-21,0.582,230,444,1117,43%,37%,8.28%,,11.61%,168,168,11962,4.6,7.4,4644,337,,0,820,7907,500,825,9053,689,749,742,6709,2349,498,0,0,2573,213,,73,629,0,,0,591860
2014-11-22,0.813,190,304,608,47%,45%,9.1%,,13.29%,66,50,5243,4,5.2,1479,179,,0,348,3289,288,396,3924,314,307,360,2990,1192,232,0,0,1297,118,,38,286,0,,0,246543
2014-11-23,0.83,155,273,926,50%,42%,8.77%,,13.66%,94,94,6661,3.6,4.9,1790,255,,0,525,4351,311,514,5044,327,481,464,3897,1709,290,0,0,1859,163,,50,366,0,,0,288846
2014-11-24,1.037,220,311,1461,45%,40%,9.16%,,13.49%,152,94,14497,4.4,5.7,4604,518,,0,968,9298,500,1037,10713,942,848,950,8080,3005,669,0,0,3263,299,,109,808,0,,0,718428
2014-11-25,0.693,221,346,1384,46%,45%,9.09%,,9.96%,135,135,13389,4.4,5.6,4181,459,,0,916,8774,500,980,10020,781,805,887,7542,2748,596,0,0,3013,274,,74,743,0,,0,666608
2014-11-26,0.663,227,373,1329,45%,39%,9.3%,,12.47%,704,278,14247,4.9,6.1,4460,582,,0,851,9519,500,1068,10722,878,776,933,7619,2667,571,0,0,2935,273,,91,730,0,,0,664923
2014-11-27,0.69,232,391,1229,43%,40%,8.32%,,10.81%,314,314,13006,4.6,6.5,4497,436,,0,801,8469,500,961,9768,810,730,856,7076,2610,548,0,0,2850,237,,75,694,0,,0,661309
2014-11-28,0.661,233,401,1138,46%,42%,9.75%,,14.22%,219,219,11909,4.8,6.8,4615,422,,0,701,8061,500,794,9115,811,609,714,6612,2219,515,0,0,2473,241,,97,682,0,,0,577335
2014-11-29,0.853,143,191,650,53%,57%,7.19%,,8.52%,120,73,4151,3.4,3.6,962,143,,0,266,2828,182,284,3330,191,247,270,2655,1142,205,0,0,1237,89,,23,270,0,,0,176898
2014-11-30,0.703,168,219,741,51%,51%,8%,,8.99%,283,61,5830,4,4.1,1131,236,,0,363,3840,280,411,4452,292,335,382,3319,1359,227,0,0,1462,117,,25,278,0,,0,246146
2014-12-01,0.714,218,339,1323,45%,41%,8.85%,,11.87%,307,184,13762,4.6,5.6,3977,514,,0,864,9184,500,992,10447,774,776,860,7682,2709,576,0,0,2961,262,,85,716,0,,0,646838
2014-12-02,0.711,231,357,1300,45%,41%,9.13%,,11.84%,762,126,14170,4.9,6,3938,441,,0,988,9070,500,965,10598,858,852,857,7462,2683,529,0,0,2904,265,,78,659,0,,0,669966
2014-12-03,0.733,219,377,1298,45%,40%,8.75%,,12.42%,263,263,13453,4.7,6.5,4255,408,,0,988,8690,500,951,9910,912,867,863,7346,2658,517,0,0,2892,253,,81,652,0,,0,633541
2014-12-04,0.746,234,318,1038,47%,44%,9.72%,,11.15%,251,62,10142,4.6,5.6,3148,338,,0,701,6342,500,658,7407,732,626,587,5556,2053,468,0,0,2222,216,,63,565,0,,0,519874
2014-12-05,0.857,245,408,1136,46%,42%,9.33%,,12.32%,394,176,12078,4.9,6.3,3871,407,,0,823,7711,500,839,8784,829,691,757,6340,2285,500,0,0,2487,232,,76,617,0,,0,609190
2014-12-06,0.878,167,247,588,51%,50%,11.33%,,16.53%,115,115,4316,3.8,5.1,1225,211,,0,311,2814,217,333,3292,225,281,284,2519,1065,192,0,0,1147,130,,40,242,0,,0,191860
2014-12-07,0.775,195,289,575,47%,42%,9.64%,,13.39%,186,186,5505,4.5,7.3,1862,204,,0,377,3509,346,380,4067,367,339,339,3134,1139,212,0,0,1224,118,,34,254,0,,0,238541
2014-12-08,0.743,217,344,1262,44%,38%,8.92%,,10.16%,209,172,12843,4.5,6.2,4612,384,,0,807,8532,500,903,9672,764,736,805,7259,2576,583,0,0,2847,254,,75,738,0,,0,619131
2014-12-09,0.817,251,444,1280,43%,37%,11.35%,,15.28%,190,190,14975,5,7.6,5986,641,,0,944,9933,500,1035,11422,876,815,935,8242,2704,629,0,0,2988,339,,121,792,0,,0,751304
2014-12-10,0.676,258,451,1302,43%,39%,11.45%,,16.1%,124,124,14551,4.9,7.2,5776,731,,0,876,9635,500,997,10879,946,748,875,7945,2716,629,0,0,2996,343,,129,801,0,,0,773167
2014-12-11,0.698,216,308,1347,46%,41%,12.52%,,17.1%,507,98,13943,4.7,6.1,4926,862,,0,781,9132,500,950,10572,850,696,844,7560,2645,641,0,0,2939,368,,139,813,0,,0,635853
2014-12-12,0.717,223,312,1139,44%,39%,12.28%,,14.48%,222,222,11845,4.6,5.8,3934,612,,0,703,8024,500,827,9235,633,627,741,6691,2330,531,0,0,2566,315,,98,677,0,,0,572274
2014-12-13,0.766,204,364,611,50%,52%,10.37%,,15.02%,116,81,5624,4.6,6.1,1541,235,,0,276,3659,283,400,4314,292,253,368,3255,1141,202,0,0,1225,127,,38,253,0,,0,249717
2014-12-14,0.829,154,278,678,49%,45%,10.2%,,11.51%,84,84,5032,3.7,5.1,1562,202,,0,274,3370,261,417,3908,271,256,366,2996,1266,242,0,0,1373,140,,35,304,0,,0,211009
2014-12-15,0.706,215,357,1469,46%,40%,13.3%,,19.82%,192,192,13797,4.3,5.9,5224,815,,0,774,9009,500,1014,10475,789,703,882,7691,2880,671,0,0,3189,424,,174,878,0,,0,686684
2014-12-16,0.688,224,375,1317,45%,38%,14.16%,,21%,338,338,13492,4.6,7,5731,894,,0,771,8834,500,954,10132,877,703,859,7258,2669,635,0,0,2945,417,,172,819,0,,0,658584
2014-12-17,0.647,228,353,1213,44%,39%,15.51%,,21.42%,223,223,13230,4.8,6.3,4514,1207,,0,803,8935,500,927,10193,730,729,833,7079,2528,575,0,0,2778,431,,154,719,0,,0,632617
2014-12-18,0.688,254,398,1329,46%,43%,18.16%,,26.08%,308,176,13523,4.6,6.1,5250,1058,,0,918,9071,500,931,10338,765,832,823,7351,2617,648,0,0,2913,529,,224,859,0,,0,738949
2014-12-19,0.654,235,365,1328,45%,45%,17.44%,,20.82%,103,91,12322,4.2,5.5,4380,1156,,0,900,8214,500,864,9494,567,802,775,6816,2624,597,0,0,2919,509,,167,802,0,,0,685360
2014-12-20,0.716,209,355,676,49%,52%,15.78%,,17.56%,558,558,6087,4.4,7.3,2583,551,,0,355,4281,213,396,5002,221,324,360,3464,1250,272,0,0,1375,217,,62,353,0,,0,287742
2014-12-21,0.774,174,301,577,49%,46%,12.74%,,17.33%,102,102,4521,3.8,5.8,1617,363,,0,264,3051,194,317,3671,206,241,288,2686,1076,210,0,0,1177,150,,48,277,0,,0,204571
2014-12-22,0.669,243,404,1123,44%,39%,15.28%,,22.17%,173,102,11148,4.4,6.1,3981,907,,0,824,7242,470,712,8620,508,747,649,6046,2297,502,0,0,2545,389,,145,654,0,,0,617674
2014-12-23,0.658,245,374,1021,44%,41%,16.41%,,23.05%,223,223,10556,4.6,6,3722,850,,0,720,6894,500,792,8112,547,630,715,5957,2089,477,0,0,2309,379,,142,616,0,,0,564995
2014-12-24,0.765,215,321,517,44%,41%,15.03%,,19.71%,115,115,4992,4.2,4.9,1679,335,,0,300,3357,234,346,3895,246,280,324,2969,1068,263,0,0,1184,178,,67,340,0,,0,254910
2014-12-25,1.016,193,309,373,52%,57%,12.76%,,15.38%,91,70,2679,3.7,4.9,892,189,,0,165,1848,118,182,2193,124,144,168,1641,639,124,0,0,721,92,,28,182,0,,0,139173
2014-12-26,0.791,213,411,599,47%,45%,10.58%,,16.33%,177,177,4987,3.9,5.8,1710,237,,0,272,3175,220,387,3769,233,253,345,2839,1160,228,0,0,1266,134,,48,294,0,,0,269708
2014-12-27,0.853,176,230,507,50%,52%,11.37%,,12.17%,56,56,3850,3.8,4,928,193,,0,264,2456,177,295,2931,186,233,266,2257,931,174,0,0,1020,116,,28,230,0,,0,179321
2014-12-28,0.739,190,299,508,48%,45%,12.78%,,17.36%,131,70,4623,4.3,5.1,1243,303,,0,260,3023,229,331,3628,238,230,297,2589,965,185,0,0,1064,136,,42,242,0,,0,201757
2014-12-29,0.725,236,443,910,44%,37%,14.84%,,22.87%,160,160,9965,4.8,7.4,3536,754,,0,559,6838,413,686,7928,447,514,604,5478,1902,374,0,0,2076,308,,110,481,0,,0,490621
2014-12-30,0.655,245,417,814,44%,39%,16.73%,,23.06%,94,94,8925,4.8,6.2,2812,683,,0,503,6062,363,643,7017,394,465,587,5005,1673,332,0,0,1847,309,,104,451,0,,0,453432
2014-12-31,0.71,225,410,633,47%,39%,16.95%,,26.54%,85,80,5913,4.4,6.2,2209,548,,0,327,4179,249,398,4756,258,295,362,3444,1224,265,0,0,1357,230,,95,358,0,,0,305596
