date,avg_time_generation,avg_time_on_site,avg_time_on_site_returning,bounce_count,bounce_rate,bounce_rate_returning,conversion_rate,conversion_rate_new_visit,conversion_rate_returning_visit,max_actions,max_actions_returning,nb_actions,nb_actions_per_visit,nb_actions_per_visit_returning,nb_actions_returning,nb_conversions,nb_conversions_new_visit,nb_conversions_returning_visit,nb_downloads,nb_hits_with_time_generation,nb_keywords,nb_outlinks,nb_pageviews,nb_searches,nb_uniq_downloads,nb_uniq_outlinks,nb_uniq_pageviews,nb_uniq_visitors,nb_uniq_visitors_returning,nb_users,nb_users_returning,nb_visits,nb_visits_converted,nb_visits_converted_new_visit,nb_visits_converted_returning_visit,nb_visits_returning,revenue,revenue_new_visit,revenue_returning_visit,sum_visit_length
2018-01-01,0.608,140,190,1951,54%,58%,40.43%,41.56%,34.48%,23455,3061,72556,20,8.8,5094,2077,1803,274,477,6620,500,1108,47103,23868,408,968,28981,3437,482,15,5,3636,1470,1270,200,580,0,0,0,509383
2018-01-02,0.577,155,222,4312,48%,49%,42.1%,42.15%,41.92%,9616,9616,78375,8.8,8.1,16172,4860,3793,1067,1554,17379,500,3021,51357,22443,1343,2658,38568,8286,1655,53,28,8948,3767,2934,833,1987,0,0,0,1388705
2018-01-03,0.537,155,235,4636,47%,46%,40.18%,40.14%,40.31%,111,111,29372,3,3.6,8814,5017,3788,1229,1995,20492,500,3468,21137,2772,1732,3034,16089,9139,1997,40,29,9905,3980,3004,976,2421,0,0,0,1538731
2018-01-04,0.54,164,253,5375,48%,47%,38.58%,37.81%,41.08%,8957,161,46609,4.1,3.6,9732,5530,4108,1422,2179,22570,500,3891,31655,8884,1918,3354,21850,10431,2199,45,24,11259,4344,3248,1096,2668,0,0,0,1848788
2018-01-05,1.123,164,248,5306,48%,50%,37.99%,37.31%,40.18%,12496,3351,486361,43.8,4.8,12571,5839,4505,1334,2093,23354,500,3497,278453,202317,1804,3052,198673,10161,2134,177,40,11112,4222,3162,1060,2638,0,0,0,1819474
2018-01-06,0.662,135,173,3115,52%,55%,34.77%,34.86%,34.34%,19217,2735,223384,37.1,6.7,6701,3035,2604,431,742,10648,500,1668,118175,102799,644,1473,84029,5681,843,81,11,6022,2094,1753,341,993,0,0,0,811774
2018-01-07,0.627,138,204,3208,52%,54%,36.98%,37.23%,35.66%,12557,6530,113110,18.3,9.7,9616,3248,2730,518,856,11503,500,1835,67735,42684,740,1636,44615,5850,823,24,8,6187,2288,1936,352,987,0,0,0,851609
2018-01-08,0.708,164,233,5727,47%,47%,39.86%,38.96%,42.57%,11320,716,220845,18.3,4,11911,6340,4780,1560,2530,24152,500,3897,126410,88008,2207,3407,94703,11118,2505,85,37,12083,4816,3533,1283,3014,0,0,0,1978555
2018-01-09,0.665,179,266,5683,47%,44%,39.22%,37.77%,43.55%,13195,2620,220085,18.4,4.7,14135,5903,4323,1580,2611,24750,500,3882,124351,89241,2321,3428,91022,11020,2487,83,31,11982,4699,3395,1304,2994,0,0,0,2141080
2018-01-10,0.762,184,260,5269,47%,45%,41.09%,40.6%,42.49%,10317,1867,201948,18.1,4.7,13453,5821,4330,1491,2738,23501,500,3896,106796,88518,2353,3337,78050,10277,2431,73,35,11186,4596,3374,1222,2876,0,0,0,2062131
2018-01-11,0.744,177,275,5279,47%,45%,40.71%,40.15%,42.38%,10034,3694,223156,19.8,5.3,15216,5908,4414,1494,2417,23547,500,3684,127654,89401,2111,3234,93366,10353,2397,88,22,11254,4582,3369,1213,2862,0,0,0,1992061
2018-01-12,0.663,187,289,4615,47%,46%,41.19%,40.87%,42.11%,17017,2486,182364,18.5,5.2,13344,5262,3956,1306,2101,23301,500,3348,96479,80436,1850,2917,70781,9095,2180,78,22,9844,4055,2977,1078,2560,0,0,0,1845257
2018-01-13,0.691,162,242,2434,51%,52%,39.7%,40.28%,36.97%,11036,3422,95709,20.2,7.7,6344,2630,2206,424,848,9298,500,1446,53938,39477,712,1211,37494,4468,699,24,6,4728,1877,1572,305,825,0,0,0,764454
2018-01-14,0.623,143,173,3013,52%,54%,38.29%,38.39%,37.82%,22761,1378,108623,18.9,5.2,4867,3142,2710,432,937,10873,500,1639,66652,39395,839,1436,42292,5485,826,17,6,5758,2205,1851,354,936,0,0,0,825360
2018-01-15,0.531,174,229,5671,47%,45%,39.47%,38.62%,41.96%,8325,4661,113749,9.4,5,15266,5970,4397,1573,2659,25261,500,3765,71526,35799,2318,3263,52171,11196,2561,65,33,12132,4788,3504,1284,3060,0,0,0,2114138
2018-01-16,0.574,188,267,5589,47%,47%,38.88%,38.36%,40.45%,15527,4494,159258,13.4,6.4,19255,5765,4300,1465,2614,25126,500,4062,89308,63274,2285,3490,68322,11010,2507,94,35,11925,4637,3427,1210,2991,0,0,0,2236603
2018-01-17,0.505,175,246,5497,47%,47%,40.66%,40.45%,41.33%,17751,1376,194290,16.7,4.3,12241,6004,4558,1446,2518,25147,500,3742,109651,78379,2170,3248,82449,10801,2436,108,31,11654,4739,3552,1187,2872,0,0,0,2043975
2018-01-18,1.305,181,265,5292,47%,45%,39.41%,38.61%,41.82%,28703,18434,397489,35,10.5,29553,5784,4373,1411,2626,24075,500,3676,208388,182799,2247,3163,153683,10406,2365,138,37,11348,4472,3291,1181,2824,0,0,0,2051774
2018-01-19,0.749,187,262,4651,46%,47%,39.39%,38.76%,41.28%,11937,4165,214060,21.3,6.8,17228,5141,3859,1282,2176,23158,500,3382,117627,90875,1859,2955,87167,9361,2183,70,21,10070,3967,2916,1051,2546,0,0,0,1878256
2018-01-20,0.626,150,209,2530,50%,53%,35.41%,34.96%,37.65%,13468,4962,101698,20.1,9.3,7902,2487,2050,437,894,9668,500,1497,58977,40330,762,1274,38734,4808,729,27,4,5069,1795,1475,320,850,0,0,0,758500
2018-01-21,0.632,141,237,3134,50%,50%,34.87%,34.52%,36.73%,16147,1845,121069,19.4,5.4,5276,2896,2459,437,1137,11907,500,1790,67821,50321,988,1568,44399,5926,834,29,3,6243,2177,1817,360,980,0,0,0,879364
2018-01-22,0.767,169,241,6591,48%,47%,35.65%,34.01%,40.98%,13088,1853,239230,17.4,4.7,15162,6020,4478,1542,2632,28957,500,4352,127732,104514,2290,3789,92889,12690,2733,95,36,13713,4888,3571,1317,3214,0,0,0,2313987
2018-01-23,0.754,160,232,6672,48%,46%,34.87%,33.4%,39.79%,12064,1199,247161,17.8,4.2,13446,5973,4483,1490,2773,27415,500,4344,135033,105011,2421,3817,94677,12948,2709,73,28,13893,4844,3579,1265,3179,0,0,0,2218467
2018-01-24,0.755,168,240,5844,48%,46%,36.82%,35.37%,41.31%,17368,2081,225103,18.4,4.7,13870,5599,4161,1438,2684,25223,500,3996,126508,91915,2340,3502,86838,11273,2468,61,18,12212,4496,3267,1229,2975,0,0,0,2052428
2018-01-25,0.753,171,246,5931,47%,45%,35.99%,34.46%,40.55%,30909,7663,242208,19.2,6.5,20573,5666,4144,1522,2486,26829,500,4305,128300,107117,2147,3767,82572,11640,2637,70,25,12614,4540,3253,1287,3174,0,0,0,2161162
2018-01-26,0.59,154,252,6034,50%,46%,36.08%,34.62%,41.17%,4400,4400,109480,9.1,5.3,14199,5318,4018,1300,2312,24875,500,3649,65405,38114,2029,3139,50363,11208,2291,76,34,12009,4333,3230,1103,2679,0,0,0,1854066
2018-01-27,0.827,105,172,4309,58%,52%,32.25%,32.09%,33.33%,12108,66,200128,26.8,3.1,3024,3202,2760,442,1272,12832,500,1605,108705,88546,1124,1375,73187,7127,849,57,4,7475,2411,2085,326,978,0,0,0,784857
2018-01-28,0.687,126,215,3057,52%,50%,35.13%,34.72%,37.17%,9032,5152,115855,19.7,8.8,8655,2754,2260,494,965,10949,500,1571,70177,43142,848,1398,50309,5592,857,31,6,5879,2065,1700,365,982,0,0,0,741565
2018-01-29,0.754,188,269,6010,47%,45%,37.65%,36.53%,41.01%,15801,2039,230197,18.1,4.6,14580,6056,4430,1626,2540,26758,500,4147,118827,104683,2213,3626,88306,11774,2706,81,31,12713,4787,3482,1305,3182,0,0,0,2383988
2018-01-30,0.827,179,261,5902,47%,46%,38.33%,37.42%,41.02%,22639,1896,242567,19.5,4.8,15129,6093,4467,1626,2636,27046,500,4257,131121,104553,2263,3709,92613,11539,2692,79,30,12450,4772,3481,1291,3147,0,0,0,2232467
2018-01-31,1.388,192,258,5461,45%,46%,37.82%,36.7%,41.24%,15551,2952,235832,19.6,4.8,14236,5880,4374,1506,2508,26347,500,3754,134268,95301,2154,3284,100554,11107,2550,90,34,12015,4544,3318,1226,2973,0,0,0,2305307
2018-02-01,0.868,176,241,5727,48%,48%,37.46%,36.29%,40.61%,15286,2940,225213,18.9,4.8,15359,5672,4078,1594,2453,25299,500,3797,125647,93316,2173,3293,93322,10968,2733,94,34,11911,4462,3153,1309,3223,0,0,0,2090547
2018-02-02,0.756,178,247,4618,47%,46%,39.68%,39.06%,41.52%,18745,1331,187470,18.9,4.2,10658,4919,3700,1219,2090,22151,500,3484,102306,79590,1825,2914,74310,9186,2168,71,22,9901,3929,2886,1043,2512,0,0,0,1757498
2018-02-03,0.667,149,218,2483,50%,50%,36.16%,36.2%,35.99%,11002,1082,103463,20.8,5,4259,2453,2070,383,806,10055,500,1546,61413,39698,700,1330,41470,4697,734,28,6,4986,1803,1496,307,853,0,0,0,742380
2018-02-04,0.638,177,227,2833,50%,51%,35.81%,35.57%,37.06%,14296,5168,116648,20.7,9.4,8585,2892,2417,475,879,11387,500,1683,68803,45283,773,1447,47313,5343,781,31,8,5638,2019,1681,338,912,0,0,0,1000281
2018-02-05,0.817,193,248,5686,46%,45%,38.91%,37.5%,42.85%,23658,1674,243759,19.9,4.4,14287,6030,4415,1615,2664,26003,500,4055,135000,102040,2305,3454,93130,11253,2706,79,26,12269,4774,3386,1388,3239,0,0,0,2365410
2018-02-06,1.028,177,258,5533,47%,45%,38.7%,37.61%,41.91%,11689,2422,225051,19,4.8,14560,5878,4403,1475,2675,25072,500,4039,124018,94319,2318,3384,89606,10887,2534,101,38,11854,4588,3324,1264,3016,0,0,0,2097855
2018-02-07,0.713,180,268,5462,47%,44%,38.47%,36.78%,43.37%,24733,1473,239571,20.8,5,14768,5738,4181,1557,2413,24458,500,3806,133817,99535,2105,3276,95401,10624,2494,103,38,11518,4431,3149,1282,2956,0,0,0,2073347
2018-02-08,0.684,180,257,5354,46%,45%,38.95%,37.74%,42.4%,11002,3301,249471,21.6,5,15018,5659,4142,1517,2461,24664,500,3832,151509,91669,2150,3309,97438,10525,2461,84,42,11530,4491,3224,1267,2988,0,0,0,2081081
2018-02-09,0.687,168,244,4677,46%,44%,40.44%,38.7%,45.41%,10473,1607,193396,19.1,4.7,12424,5253,3786,1467,2210,23282,500,3463,105896,81827,1936,2946,74815,9323,2234,94,45,10123,4094,2898,1196,2634,0,0,0,1696696
2018-02-10,0.644,141,224,2256,50%,52%,37.63%,37.45%,38.43%,13943,3213,98584,22,7.3,6224,2306,1886,420,781,9056,500,1309,60470,36024,679,1122,41375,4201,718,37,12,4488,1689,1362,327,851,0,0,0,634707
2018-02-11,0.622,146,256,2578,50%,48%,37.4%,37.06%,38.85%,13972,4226,110080,21.3,8.2,7992,2694,2171,523,972,10473,500,1594,63018,44496,830,1350,46255,4850,818,37,10,5161,1930,1552,378,973,0,0,0,755249
2018-02-12,0.877,180,257,5187,46%,44%,39.43%,39.04%,40.47%,43627,6789,192850,17,5.9,18058,5607,4060,1547,2595,24079,500,3662,114410,72183,2231,3238,86631,10461,2568,72,35,11375,4485,3245,1240,3064,0,0,0,2049172
2018-02-13,0.702,192,289,5301,45%,42%,40.51%,38.86%,45.05%,13172,3012,293436,24.8,5.6,17535,6307,4569,1738,2783,26315,500,3963,164056,122634,2439,3419,121527,10778,2609,128,62,11822,4789,3370,1419,3150,0,0,0,2272088
2018-02-14,0.808,176,269,5201,46%,44%,37.39%,35.62%,42.18%,10318,4716,220655,19.6,5.5,16703,5506,3928,1578,2437,23660,500,3647,123864,90707,2134,3169,90898,10341,2511,97,41,11271,4214,2935,1279,3032,0,0,0,1979943
2018-02-15,1.231,182,278,5079,46%,44%,38.44%,37.18%,41.92%,13240,3513,221715,20.2,5.2,14979,5344,3883,1461,2544,23398,500,3595,118112,97464,2208,3146,85693,10103,2451,74,29,10974,4218,2999,1219,2908,0,0,0,1996316
2018-02-16,1.268,189,275,4274,46%,45%,38.36%,36.84%,42.29%,14563,5306,191440,20.7,6.4,16628,4442,3103,1339,2437,22192,500,3238,107067,78698,2025,2854,80180,8509,2173,85,35,9238,3544,2452,1092,2582,0,0,0,1744873
2018-02-17,0.798,149,195,2104,50%,51%,35.11%,34.83%,36.41%,11467,2605,112603,26.6,7.5,5638,2060,1734,326,813,8448,500,1262,68965,41563,709,1078,47805,3969,634,31,7,4233,1486,1214,272,747,0,0,0,628708
2018-02-18,0.763,192,293,2373,49%,49%,34.88%,34.12%,38.69%,11723,4437,116573,23.9,9.6,7754,2483,2032,451,982,10498,500,1466,68009,46116,843,1266,50787,4638,708,32,5,4883,1703,1390,313,809,0,0,0,935252
2018-02-19,1.183,179,261,5072,46%,44%,39.13%,37.93%,42.37%,9851,8098,87091,7.9,6.5,19503,5317,3779,1538,2693,23979,500,3601,56732,24065,2329,3164,41125,10131,2483,52,39,11025,4314,3051,1263,2981,0,0,0,1973226
2018-02-20,0.944,177,254,5333,47%,44%,38.42%,36.96%,42.33%,177,177,36386,3.2,3.8,11921,5240,3703,1537,2896,25089,500,3833,25874,3783,2568,3400,19500,10574,2644,26,22,11464,4404,3091,1313,3102,0,0,0,2029320
2018-02-21,1.009,171,251,5283,45%,44%,37.93%,36.66%,41.89%,35404,205,343661,29.5,3.9,10969,5852,4462,1390,2810,25118,500,3973,189723,147155,2436,3458,122390,10866,2447,89,23,11635,4413,3232,1181,2819,0,0,0,1993711
2018-02-22,2.005,176,238,4858,46%,44%,37.8%,36.62%,41.02%,16375,3797,447392,42,7.5,21357,5349,3972,1377,2609,21899,500,3491,247186,194106,2342,2999,172086,9714,2398,171,51,10643,4023,2852,1171,2855,0,0,0,1873562
2018-02-23,1.172,180,251,4048,46%,46%,38.19%,36.76%,42.09%,9692,1934,168820,19.1,5,11908,4318,3142,1176,1938,20541,500,2928,95973,67980,1709,2524,71878,8174,2014,79,33,8831,3373,2370,1003,2383,0,0,0,1588003
2018-02-24,0.745,189,220,2027,48%,45%,35.06%,33.55%,42.33%,13394,2473,97078,22.9,7,5087,1962,1574,388,854,8648,500,1328,57518,37378,719,1128,40177,4006,628,30,3,4238,1486,1177,309,730,0,0,0,802583
2018-02-25,0.811,152,213,2213,50%,52%,35.46%,35.46%,35.47%,10052,5471,102383,23.1,10.2,8316,2352,1968,384,932,9262,500,1387,61618,38446,773,1216,44290,4170,689,32,2,4436,1573,1285,288,812,0,0,0,673233
2018-02-26,1.381,191,300,4870,46%,44%,38.34%,36.71%,42.77%,15452,2432,222689,20.9,5.1,14742,5427,3864,1563,2813,23304,500,3533,124567,91776,2376,3093,89247,9791,2390,88,24,10654,4085,2855,1230,2876,0,0,0,2032711
2018-02-27,2.234,192,290,4752,46%,46%,38.48%,37.79%,40.35%,6957,1126,195379,18.9,4.8,13271,5466,4017,1449,2214,22334,500,3423,108384,81358,1933,2956,82562,9472,2336,101,33,10318,3970,2854,1116,2766,0,0,0,1978216
2018-02-28,0.729,188,268,4918,46%,44%,38.67%,36.87%,43.83%,15668,349,208553,19.4,4.5,12403,5510,4098,1412,2411,22958,500,3492,111757,90893,2101,3101,81493,9891,2321,98,38,10728,4148,2936,1212,2765,0,0,0,2019385
2018-03-01,0.783,164,247,5539,46%,45%,36.46%,34.96%,41.41%,11737,1502,219491,18.2,4.7,13215,5751,4268,1483,2771,24248,500,4296,126527,85897,2434,3800,91366,11231,2358,94,37,12084,4406,3240,1166,2816,0,0,0,1985929
2018-03-02,0.789,195,264,4209,46%,46%,40.18%,39.01%,43.47%,19993,2979,190483,20.7,5.6,13533,5247,3703,1544,2206,21350,500,2977,108714,76586,1912,2577,80665,8483,2041,102,32,9222,3705,2654,1051,2418,0,0,0,1802892
2018-03-03,0.678,229,358,2265,49%,50%,34.77%,34.27%,37.07%,7679,1608,102069,22.1,5.9,4839,2901,2122,779,763,9593,500,1260,63418,36628,664,1091,45410,4347,712,42,9,4610,1603,1299,304,820,0,0,0,1057437
2018-03-04,0.841,192,327,2612,48%,51%,39.23%,39.92%,35.89%,13839,2496,122951,22.8,7.1,6599,3609,2893,716,1053,11394,500,1625,76714,43559,863,1393,52500,5106,803,40,8,5399,2118,1786,332,925,0,0,0,1037199
2018-03-05,1.715,209,310,5244,46%,44%,41.46%,41.22%,42.14%,10605,1931,225384,19.7,4.8,14346,6978,5263,1715,2346,24875,500,3567,130582,88889,2029,3103,95901,10564,2499,85,38,11434,4740,3491,1249,2964,0,0,0,2384537
2018-03-06,0.831,217,306,5453,45%,44%,41.6%,41.07%,43.14%,17500,5605,236652,19.7,6.6,20284,7791,5793,1998,2536,26730,500,3948,134120,96048,2222,3415,99363,11084,2595,104,35,12022,5001,3670,1331,3085,0,0,0,2609090
2018-03-07,0.888,208,321,5125,46%,45%,41.07%,40.67%,42.21%,26387,1401,218579,19.7,4.7,13458,6948,4708,2240,2512,24325,500,3620,123092,89355,2210,3115,85103,10254,2441,89,28,11101,4559,3338,1221,2893,0,0,0,2313574
2018-03-08,0.619,199,312,5144,46%,44%,40.39%,39.51%,42.9%,35137,6103,232308,20.7,6.4,18788,7045,4939,2106,2332,24826,500,3708,136589,89679,2063,3232,95054,10350,2476,105,30,11213,4529,3279,1250,2914,0,0,0,2236155
2018-03-09,0.532,201,295,4857,47%,44%,41.31%,40.71%,43.08%,7509,753,116973,11.2,3.9,10386,6896,5105,1791,2079,24606,500,3152,70681,41061,1836,2725,52037,9682,2230,66,38,10441,4313,3180,1133,2630,0,0,0,2102201
2018-03-10,0.67,859,3127,132,44%,36%,47.47%,48.81%,40%,26479,26479,77124,259.7,617.4,27783,481,218,263,39,735,500,48,27467,23455,37,43,18367,289,43,26,3,297,141,123,18,45,0,0,0,255236
2018-03-11,0.446,284,608,1429,47%,48%,38.92%,39.42%,36.04%,188,166,8944,3,4.3,1913,2370,1827,543,461,6660,393,732,6815,625,402,633,4578,2896,393,4,4,3009,1171,1011,160,444,0,0,0,853568
2018-03-12,0.872,327,511,788,50%,49%,41.27%,41.73%,39.15%,14386,328,32145,20.3,5.2,1457,1595,1268,327,277,3862,500,452,21574,9309,236,398,13725,1535,262,6,4,1587,655,545,110,281,0,0,0,518332
2018-03-13,1.471,214,320,5924,46%,46%,39.79%,38.97%,42.21%,13846,9032,495765,38.7,6.6,21467,7695,5521,2174,2841,28225,500,3753,280518,208653,2457,3282,192601,11812,2741,159,48,12820,5101,3738,1363,3229,0,0,0,2740590
2018-03-14,0.67,228,379,5374,46%,43%,41.15%,40.54%,42.81%,11172,11172,291357,24.7,11.2,35269,7664,5135,2529,2449,27129,500,3656,155984,129268,2151,3232,109852,10858,2652,146,51,11799,4855,3501,1354,3163,0,0,0,2692394
2018-03-15,0.663,212,344,5544,46%,43%,40.51%,39.76%,42.65%,16072,2359,231521,19.2,5.5,17420,7642,5259,2383,2617,27096,500,3987,129441,95476,2295,3414,91751,11068,2635,109,31,12045,4880,3536,1344,3151,0,0,0,2557179
2018-03-16,0.675,218,322,4979,47%,46%,40.61%,40.07%,42.16%,10912,1879,201818,19,5.3,14680,7000,5013,1987,2081,24792,500,3242,124726,71769,1848,2824,92107,9840,2310,92,30,10647,4324,3157,1167,2768,0,0,0,2324715
2018-03-17,0.584,244,483,2794,50%,48%,39.5%,40.11%,36.27%,9318,2681,117382,20.9,7.2,6483,4118,3031,1087,963,12185,500,1455,72849,42115,838,1272,50944,5324,768,37,5,5610,2216,1891,325,896,0,0,0,1369712
2018-03-18,0.634,281,482,3049,49%,51%,40.35%,40.95%,37.2%,21663,1978,146736,23.4,6.3,6391,5154,3988,1166,1016,13996,500,1617,101272,42831,892,1387,73025,5969,853,37,8,6278,2533,2158,375,1008,0,0,0,1766851
2018-03-19,0.813,220,344,6145,46%,44%,41.34%,41.05%,42.18%,13486,1997,245107,18.5,5.1,17462,8684,6026,2658,2749,29455,500,4191,135812,102354,2432,3594,100217,12216,2857,125,44,13277,5489,4046,1443,3421,0,0,0,2926152
2018-03-20,0.699,221,342,5974,45%,43%,41.03%,40.5%,42.54%,9075,4311,247644,18.8,5.9,20499,8628,6075,2553,2832,30442,500,4051,141950,98811,2471,3598,105744,12101,2874,130,37,13190,5412,3941,1471,3458,0,0,0,2911635
2018-03-21,0.705,217,341,5814,46%,43%,38.35%,38.27%,38.57%,12459,4785,243002,19,6.3,20340,8741,6172,2569,2684,29005,500,4184,147685,88449,2307,3597,104729,11778,2727,94,28,12759,4893,3643,1250,3241,0,0,0,2773291
2018-03-22,0.709,215,321,5706,46%,44%,41.74%,41.38%,42.78%,12331,5125,232198,18.8,5.6,17711,8048,5710,2338,2559,27366,500,3832,132516,93288,2288,3292,93728,11339,2612,93,18,12319,5142,3795,1347,3149,0,0,0,2647377
2018-03-23,0.633,210,313,4994,46%,45%,41.08%,41.14%,40.89%,9325,2841,227834,21,5.2,14389,7207,5223,1984,2201,26106,500,3117,131420,91096,1936,2726,95400,10026,2304,96,17,10833,4450,3326,1124,2749,0,0,0,2277017
2018-03-24,0.557,248,464,2323,43%,50%,48.95%,50.5%,39.82%,9361,1660,113286,21.1,6.9,5412,6489,5073,1416,722,12613,500,1158,77131,34275,618,1011,48559,5085,658,43,5,5359,2623,2312,311,781,0,0,0,1331681
2018-03-25,0.581,220,358,2588,45%,48%,45.27%,46.59%,37.77%,9728,7439,115042,19.8,12.9,11277,5736,4818,918,873,13435,500,1446,72340,40383,740,1225,48040,5546,745,42,4,5803,2627,2298,329,871,0,0,0,1275455
2018-03-26,0.628,220,295,5898,44%,43%,43.28%,43.36%,43.06%,15740,687,245915,18.3,5.1,16739,10033,7759,2274,2770,32525,500,4149,134095,104901,2488,3572,91849,12498,2798,118,49,13467,5829,4415,1414,3284,0,0,0,2957491
2018-03-27,0.712,208,305,5880,46%,44%,40.44%,39.59%,42.87%,17449,1243,241059,18.7,4.9,16486,7945,5682,2263,2846,28816,500,4072,130400,103741,2483,3510,93491,11908,2859,119,43,12880,5209,3772,1437,3352,0,0,0,2680249
2018-03-28,0.678,193,271,5657,46%,44%,40.42%,39.4%,43.26%,21263,971,231927,18.8,5,16307,6823,4942,1881,2597,27635,500,4099,129744,95486,2298,3511,89520,11402,2757,119,50,12352,4993,3581,1412,3264,0,0,0,2381495
2018-03-29,0.673,192,263,5655,47%,45%,39.23%,38.17%,42.44%,17551,2130,230362,19.1,4.9,14610,6758,5067,1691,2231,25962,500,3574,129881,94676,1987,3095,89492,11228,2526,103,35,12060,4731,3465,1266,2983,0,0,0,2312467
2018-03-30,0.7,195,250,4746,47%,46%,39.57%,38.62%,42.36%,20021,1755,198826,19.6,4.6,11899,6036,4609,1427,2034,23795,500,3047,113204,80541,1776,2637,77330,9453,2223,77,19,10158,4020,2923,1097,2590,0,0,0,1983446
2018-03-31,0.588,243,258,2266,49%,54%,39.06%,40.05%,34.36%,14531,2161,92903,20,6.2,4978,3491,2884,607,708,9991,500,1181,56314,34700,627,997,35227,4407,709,21,3,4654,1818,1540,278,809,0,0,0,1129961
2018-04-01,0.65,251,351,2166,49%,49%,39.47%,39.65%,38.62%,12433,5236,79492,17.9,11.5,8614,3286,2380,906,657,9700,500,1086,47234,30515,573,945,29108,4211,636,22,8,4436,1751,1461,290,751,0,0,0,1112633
2018-04-02,0.611,191,299,2863,49%,49%,38.42%,38.09%,40.06%,10537,2090,117400,20.2,6.3,6184,4167,3441,726,919,12678,500,1669,69409,45403,806,1448,47133,5507,838,40,7,5825,2238,1847,391,976,0,0,0,1110184
2018-04-03,0.785,200,298,5812,46%,45%,40.76%,40.81%,40.61%,9899,2576,246779,19.4,5.7,18712,7777,5547,2230,2666,28669,500,4041,134498,105574,2366,3524,97607,11686,2744,107,40,12688,5171,3846,1325,3263,0,0,0,2534311
2018-04-04,0.687,207,294,5577,45%,44%,41.44%,40.87%,43.03%,14773,3237,237119,19.3,5.5,17798,7622,5417,2205,2400,27513,500,4120,130517,100082,2133,3555,90773,11311,2699,109,37,12272,5086,3691,1395,3242,0,0,0,2541945
2018-04-05,0.727,209,319,5537,46%,44%,40.46%,39.37%,43.43%,36864,2708,233011,19.3,5.5,18051,7666,4925,2741,2488,26567,500,3831,133112,93580,2236,3356,87852,11088,2739,113,57,12055,4878,3463,1415,3258,0,0,0,2520424
2018-04-06,0.62,240,338,4513,46%,46%,40.14%,39.79%,41.06%,11099,2312,209458,21.3,5.1,13725,6944,4828,2116,1961,25155,500,3065,120567,83865,1762,2667,85765,9001,2243,113,56,9849,3953,2853,1100,2679,0,0,0,2361750
2018-04-07,0.651,271,461,2268,48%,49%,39.41%,39.34%,39.76%,16910,2193,119482,25.3,7.3,6053,3680,2560,1120,788,10696,500,1235,81399,36060,694,1059,55277,4446,685,33,9,4722,1861,1533,328,825,0,0,0,1281507
2018-04-08,0.646,231,278,2628,49%,51%,37.6%,37.92%,36.07%,15920,11736,123642,23.1,15.9,14708,3120,2644,476,833,10855,500,1409,78365,43035,735,1213,51678,5063,800,31,6,5351,2012,1678,334,926,0,0,0,1234855
2018-04-09,0.658,188,260,5873,47%,45%,38.61%,37.38%,41.96%,7515,1325,219023,17.6,4.4,14610,6102,4394,1708,2551,26403,500,3764,118796,93912,2270,3305,89358,11407,2856,112,55,12443,4804,3405,1399,3334,0,0,0,2337493
2018-04-10,0.624,192,263,5980,46%,45%,38.85%,37.79%,41.9%,5761,4371,245268,19,5.1,17095,6256,4565,1691,2840,28435,500,4048,144639,93740,2539,3524,107402,11833,2800,141,60,12931,5024,3627,1397,3334,0,0,0,2487575
2018-04-11,0.666,186,276,5500,47%,45%,38.64%,36.95%,42.97%,11996,1721,234759,20,4.8,15654,5976,4258,1718,2460,26291,500,3845,128152,100302,2142,3358,93262,10647,2712,124,60,11732,4533,3123,1410,3281,0,0,0,2182920
2018-04-12,0.682,196,272,5251,46%,45%,38.44%,37.36%,41.27%,24582,1893,245220,21.3,5.4,17173,5884,4195,1689,2377,25219,500,3697,136400,102746,2132,3222,95656,10550,2685,112,48,11515,4426,3115,1311,3177,0,0,0,2254852
2018-04-13,0.603,188,266,4611,47%,44%,38.91%,36.65%,44.62%,24270,3378,237691,24,5,14093,4882,3340,1542,2050,22870,500,3144,158486,74011,1851,2696,80644,9063,2382,104,55,9911,3856,2604,1252,2806,0,0,0,1866442
2018-04-14,0.701,152,209,2034,49%,51%,37.26%,36.26%,41.71%,13266,5407,99980,24.1,10.6,8037,2225,1808,417,749,8342,500,1193,58235,39803,658,1036,38309,3916,657,34,11,4144,1544,1227,317,760,0,0,0,630708
2018-04-15,0.725,161,258,2223,51%,51%,34.7%,34.52%,35.41%,23696,1784,108164,24.6,6.5,5901,2360,1671,689,810,9031,500,1396,65792,40166,703,1213,42656,4100,765,29,9,4389,1523,1204,319,901,0,0,0,705289
2018-04-16,0.707,193,276,5199,46%,44%,39.26%,37.71%,43.19%,7694,2273,219409,19.5,4.6,14727,5658,3855,1803,2485,24670,500,3681,119667,93576,2209,3187,87390,10147,2640,102,45,11225,4407,3036,1371,3174,0,0,0,2165990
2018-04-17,0.698,186,250,5192,47%,44%,38.46%,37.13%,41.96%,18605,1934,213677,19.4,5,15178,5500,3982,1518,2155,23537,500,3697,126208,81617,1909,3222,83796,10131,2565,90,41,11037,4245,2969,1276,3041,0,0,0,2054488
2018-04-18,0.658,194,276,5102,47%,45%,39.5%,38.45%,42.11%,19644,518,217192,20,4.8,15076,5401,3804,1597,2433,23449,500,3487,129738,81534,2185,2905,86857,9904,2567,96,46,10843,4283,2972,1311,3113,0,0,0,2101997
2018-04-19,0.7,197,275,4985,47%,45%,39.12%,37.32%,43.58%,20799,3524,217447,20.6,6,18111,5538,3895,1643,2120,22788,500,3334,130004,81989,1915,2945,90187,9665,2533,110,48,10544,4125,2804,1321,3031,0,0,0,2076335
2018-04-20,0.609,187,289,4138,46%,43%,38.82%,37.93%,41.11%,14415,1941,180179,20.1,5.7,14273,4365,3094,1271,1827,20951,500,2959,102396,72997,1631,2601,74145,8264,2129,100,41,8969,3482,2449,1033,2513,0,0,0,1673434
2018-04-21,0.728,145,206,1848,51%,52%,33.07%,33.39%,31.69%,14880,1574,88289,24.6,5.7,3840,1613,1321,292,550,6831,500,981,55477,31281,486,839,37135,3380,593,29,7,3595,1189,977,212,669,0,0,0,521181
2018-04-22,0.7,139,209,2199,52%,51%,34.57%,34.55%,34.65%,15310,10680,111632,26.3,17.3,13159,1977,1639,338,744,8125,500,1147,71569,38172,657,998,46536,3994,651,27,5,4247,1468,1204,264,762,0,0,0,588429
2018-04-23,0.694,179,275,5490,47%,43%,38.67%,37.54%,41.64%,28909,4327,250486,21.4,6.3,20230,6061,4433,1628,2324,24734,500,3723,149969,94470,2056,3219,103922,10770,2704,128,67,11718,4531,3189,1342,3223,0,0,0,2100068
2018-04-24,0.725,192,291,5310,46%,42%,39.93%,38.85%,42.7%,20774,2093,245943,21.1,5.6,18146,5897,4227,1670,2440,25437,500,3930,140481,99092,2155,3357,95278,10722,2724,99,52,11654,4653,3264,1389,3253,0,0,0,2242405
2018-04-25,0.732,211,291,5232,46%,44%,39.76%,38.47%,43.07%,3839,3630,53555,4.7,5.1,16188,5651,3968,1683,2576,25463,500,3695,38378,8906,2272,3201,28765,10442,2634,73,52,11369,4520,3149,1371,3183,0,0,0,2401637
2018-04-26,0.732,198,268,5197,46%,43%,39.34%,38.44%,41.7%,9948,2465,252742,22.5,5.2,16320,5703,4136,1567,2168,24106,500,3625,145434,101515,1928,3161,109090,10250,2573,163,61,11256,4428,3131,1297,3110,0,0,0,2223248
2018-04-27,0.654,181,258,4264,46%,45%,39.62%,38.74%,41.95%,6273,913,264587,28.6,4.4,11143,4849,3494,1355,1780,21105,500,3027,152343,107437,1593,2593,111407,8503,2150,162,54,9266,3671,2606,1065,2539,0,0,0,1673293
2018-04-28,0.701,176,236,2043,49%,53%,35.18%,35.32%,34.49%,9526,5314,205000,49.5,11.4,7869,2158,1847,311,621,8241,500,1176,125768,77435,535,1017,86572,3917,613,86,10,4141,1457,1218,239,693,0,0,0,730338
2018-04-29,0.665,161,244,2364,49%,49%,36.51%,36.13%,38.36%,12737,8219,113243,23.6,14.1,11498,2533,2073,460,830,9691,500,1462,69484,41467,732,1208,44190,4518,714,20,8,4796,1751,1438,313,816,0,0,0,773288
2018-04-30,0.739,168,229,4282,47%,46%,38.68%,38.07%,40.47%,16002,2940,162612,17.7,5.1,11821,4622,3480,1142,1864,19402,500,2953,102083,55712,1657,2544,74269,8429,1967,79,38,9191,3555,2610,945,2335,0,0,0,1545947
2018-05-01,0.774,150,226,2648,50%,51%,37.35%,37.17%,38.12%,19286,2105,173258,32.7,5.9,5796,3012,2534,478,907,10500,500,1571,110699,60081,811,1355,76850,4972,857,52,16,5299,1979,1602,377,989,0,0,0,793016
2018-05-02,0.673,185,279,5011,46%,43%,40.01%,39.07%,42.47%,24156,2394,203598,18.7,4.8,14307,5629,4042,1587,2120,23181,500,3654,116587,81237,1891,3136,85331,9884,2488,113,61,10861,4345,3079,1266,2981,0,0,0,2006786
2018-05-03,0.647,188,279,4948,45%,44%,39.71%,38.6%,42.64%,8700,5836,230824,21.1,7.6,22658,5704,4079,1625,2244,24012,500,3789,133492,91299,1994,3309,98283,9957,2476,100,48,10933,4341,3064,1277,2995,0,0,0,2058836
2018-05-04,0.715,205,258,4331,46%,45%,38.65%,37.47%,41.85%,9997,5892,202777,21.6,6.5,16371,4770,3457,1313,1826,22419,500,3048,114968,82935,1640,2602,86358,8613,2116,106,58,9400,3633,2577,1056,2523,0,0,0,1928011
2018-05-05,0.751,154,204,1895,51%,54%,35.46%,35.59%,34.89%,6447,1783,84660,22.7,6.2,4104,1919,1564,355,549,7206,500,1069,54926,28116,493,914,38322,3525,571,23,7,3728,1322,1090,232,665,0,0,0,572410
2018-05-06,0.738,141,200,2084,51%,51%,34.42%,34.01%,36.21%,9192,621,99803,24.6,4.4,3315,1988,1644,344,707,7708,500,1121,62022,35953,606,958,44200,3808,644,36,15,4059,1397,1124,273,754,0,0,0,571366
2018-05-07,0.687,177,277,4215,47%,44%,40.18%,39.13%,43.16%,7279,1663,182555,20.4,4.9,11368,4849,3512,1337,1812,18976,500,2989,108944,68810,1593,2609,80780,8157,1930,80,45,8937,3591,2587,1004,2326,0,0,0,1584489
2018-05-08,0.642,150,241,2548,50%,53%,36.75%,36.42%,38.11%,10556,1127,114720,22.3,6.1,6260,2837,2246,591,885,10139,500,1504,66889,45442,792,1289,46059,4849,879,41,11,5134,1887,1499,388,1018,0,0,0,770705
2018-05-09,0.753,178,257,4075,48%,47%,40.14%,39.26%,42.57%,7381,2445,185847,21.8,5.6,12693,4756,3482,1274,1710,17656,500,2791,116189,65157,1520,2427,83866,7833,1906,80,20,8537,3427,2461,966,2269,0,0,0,1521684
2018-05-10,0.773,170,267,2662,48%,49%,36.26%,35.45%,39.66%,18326,18326,155281,28.2,21.7,22933,2971,2433,538,1180,12352,500,1709,95572,56820,1043,1469,70041,5102,868,51,9,5502,1995,1575,420,1059,0,0,0,936538
2018-05-11,1.877,177,274,3471,48%,47%,38.98%,37.68%,42.67%,41356,1667,170650,23.7,4.7,8836,3975,3012,963,1360,16158,500,2277,114658,52355,1210,1974,84506,6595,1533,68,28,7202,2807,2012,795,1863,0,0,0,1274904
2018-05-12,0.605,146,180,2181,51%,55%,35.18%,35.28%,34.71%,8217,2728,95953,22.5,7.1,5283,2251,1896,355,711,8338,500,1196,56934,37112,621,1050,39239,4021,645,27,6,4269,1502,1242,260,749,0,0,0,624199
2018-05-13,0.601,139,195,2679,51%,52%,35.13%,35.26%,34.53%,14861,1752,116730,22.2,5.3,5015,2817,2370,447,868,10431,500,1537,67394,46931,748,1299,45211,4959,815,30,9,5261,1848,1521,327,947,0,0,0,730860
2018-05-14,0.601,179,241,5581,48%,46%,38.42%,37.23%,41.94%,11380,1279,232507,19.8,4,11904,6190,4693,1497,2299,23974,500,3835,138574,87799,2034,3283,102513,10747,2494,121,55,11740,4510,3271,1239,2954,0,0,0,2106851
2018-05-15,0.602,192,271,5705,47%,45%,38.74%,37.45%,42.39%,5474,505,97858,8.1,3.9,12126,6083,4382,1701,2561,26476,500,3884,62218,29195,2229,3347,45896,11107,2650,103,62,12017,4655,3329,1326,3128,0,0,0,2304855
2018-05-16,0.695,174,266,5486,47%,45%,39.05%,38.55%,40.48%,10070,1172,373786,32.4,5.2,15538,6192,4689,1503,2240,24722,500,3712,213081,154753,1970,3215,160759,10565,2515,193,46,11554,4512,3298,1214,2999,0,0,0,2012452
2018-05-17,0.597,185,253,5370,48%,46%,37.34%,36.02%,40.87%,11947,1212,200474,18.1,4.7,14245,5553,3974,1579,2207,23696,500,3504,115123,79640,1957,3069,85183,10182,2528,126,40,11101,4145,2909,1236,3024,0,0,0,2052475
2018-05-18,0.553,184,268,4371,47%,44%,38.44%,37.46%,41.11%,8278,1726,176088,19,5.2,12987,4782,3538,1244,1916,21348,500,2911,101012,70249,1658,2500,74164,8551,2122,95,24,9258,3559,2532,1027,2498,0,0,0,1706674
2018-05-19,0.58,186,241,1949,52%,52%,33.63%,33.36%,34.82%,10563,1958,88492,23.5,6.5,4538,2049,1706,343,605,7512,500,1020,56720,30147,535,860,39001,3549,592,24,6,3771,1268,1026,242,695,0,0,0,700638
2018-05-20,0.678,147,223,1996,52%,55%,35.47%,35.39%,35.8%,10666,910,88885,23.1,6.2,4489,2167,1804,363,705,7687,500,1042,57514,29624,588,883,39787,3577,603,29,5,3840,1362,1101,261,729,0,0,0,564470
2018-05-21,0.744,161,245,3159,51%,49%,37.15%,36.32%,40.15%,8350,2348,134725,21.7,5.6,7571,3043,2388,655,1198,12566,500,1754,82485,49288,1048,1522,62314,5791,1119,45,8,6196,2302,1762,540,1345,0,0,0,999071
2018-05-22,0.545,184,248,5879,49%,46%,36.5%,35.27%,39.91%,12380,1154,234017,19.4,4,12847,5902,4340,1562,2407,24600,500,3530,144050,84030,2090,3054,108996,11097,2666,92,16,12066,4404,3126,1278,3202,0,0,0,2221041
2018-05-23,0.593,172,249,5904,48%,45%,37.34%,36.88%,38.64%,11789,3352,236193,19.4,5.2,16468,6469,4936,1533,2663,25180,500,3698,137559,92273,2258,3182,102282,11144,2650,91,26,12179,4548,3313,1235,3196,0,0,0,2089302
2018-05-24,0.719,169,242,5824,49%,47%,36.24%,35.65%,37.94%,25716,1759,263979,22.1,4.4,13481,6217,4791,1426,2782,24763,500,3406,161672,96119,2366,2988,123917,10998,2594,93,32,11941,4327,3160,1167,3076,0,0,0,2018247
2018-05-25,0.803,164,218,4887,49%,49%,37.13%,37.09%,37.24%,13501,1610,205382,20.8,4.2,11167,5011,3796,1215,2237,20876,500,2842,130981,69322,1923,2488,103274,9113,2258,88,25,9873,3666,2682,984,2642,0,0,0,1617030
2018-05-26,0.642,131,169,2145,53%,54%,33.89%,34.12%,32.75%,20306,578,96428,23.8,4.3,2932,2120,1794,326,666,7810,500,1095,63128,31539,592,946,45908,3815,584,27,6,4046,1371,1147,224,684,0,0,0,529483
2018-05-27,0.623,145,235,2488,54%,56%,32.79%,32.45%,34.52%,10725,2937,108176,23.5,8,6083,2333,1970,363,824,8733,500,1228,68435,37689,712,1031,51534,4392,662,29,7,4611,1512,1250,262,759,0,0,0,668255
2018-05-28,0.61,166,243,6001,49%,48%,37.08%,36.48%,38.79%,11142,1084,223330,18.2,4.5,14324,6016,4502,1514,2353,24718,500,3722,124495,92760,2060,3222,90880,11283,2689,99,40,12249,4542,3301,1241,3199,0,0,0,2039058
2018-05-29,0.648,170,261,6408,47%,44%,35.68%,34.2%,40.07%,12199,2333,279515,20.6,4.5,15596,6610,4869,1741,2662,27973,500,4433,167695,104725,2345,3838,110570,12531,2893,102,33,13589,4849,3471,1378,3439,0,0,0,2316199
2018-05-30,0.631,167,231,5722,49%,46%,37.31%,36.35%,40.07%,11836,1085,226607,19.2,3.8,11583,5738,4297,1441,2161,23131,500,3518,135504,85424,1890,3067,97676,10844,2564,95,17,11776,4394,3177,1217,3037,0,0,0,1965715
2018-05-31,0.802,169,242,5763,50%,47%,36%,34.65%,39.95%,21523,693,217423,18.8,4.1,12070,5398,3980,1418,2058,23250,500,3424,126826,85115,1825,2964,90527,10770,2524,84,25,11592,4173,2998,1175,2941,0,0,0,1956314
2018-06-01,0.539,175,216,4812,49%,48%,36.89%,35.73%,39.97%,13363,715,198064,20.1,4.2,11397,4719,3404,1315,1811,21847,500,2780,125148,68325,1611,2452,94045,9087,2311,80,15,9841,3630,2554,1076,2692,0,0,0,1721227
2018-06-02,0.652,133,204,2238,55%,53%,32.35%,31.93%,34.36%,15714,893,91245,22.3,4.9,3495,1950,1603,347,588,7412,500,980,59626,30051,514,864,43384,3849,603,34,7,4083,1321,1076,245,713,0,0,0,543629
2018-06-03,0.61,158,204,2591,54%,50%,32.43%,32.11%,33.93%,9885,2276,102476,21.4,6.2,5208,2254,1880,374,748,8953,500,1220,65863,34645,656,1056,44656,4510,695,32,7,4789,1553,1267,286,843,0,0,0,755937
2018-06-04,0.564,170,256,5909,49%,46%,38.03%,36.76%,41.79%,10793,614,208662,17.2,3.8,11638,5801,4310,1491,2441,24104,500,3828,117570,84823,2109,3275,87092,11163,2572,97,39,12126,4611,3336,1275,3051,0,0,0,2055766
2018-06-05,0.575,167,247,6027,49%,47%,37.63%,35.64%,43.34%,8872,1383,219812,17.9,4.2,13493,5985,4316,1669,2483,25256,500,3828,120922,92579,2154,3312,89800,11309,2679,121,23,12277,4620,3244,1376,3175,0,0,0,2045624
2018-06-06,0.587,162,241,5658,49%,45%,34.23%,32.85%,38.21%,9844,3436,224229,19.3,5.2,15488,5376,3913,1463,2615,23188,500,3388,136034,82192,2301,2937,97454,10731,2528,106,30,11614,3976,2830,1146,2999,0,0,0,1882098
2018-06-07,0.625,164,238,5223,46%,42%,19.96%,20.02%,19.77%,13329,942,260694,23.1,4.7,14427,4432,3576,856,4523,23979,500,2098,161226,92847,3705,1787,117404,10404,2599,117,20,11275,2250,1644,606,3065,0,0,0,1849642
2018-06-08,0.65,167,219,4536,46%,43%,19.3%,19.9%,17.72%,9844,2366,232057,23.8,5.6,14994,3587,2826,761,4003,21604,500,1743,157967,68344,3414,1528,112238,9041,2276,93,20,9765,1885,1410,475,2681,0,0,0,1633463
2018-06-09,0.692,137,179,2132,54%,53%,19.71%,19.98%,18.34%,17777,2738,100823,25.4,7.3,4728,1530,1368,162,1165,7374,500,716,69469,29473,968,589,48350,3789,572,30,3,3968,782,663,119,649,0,0,0,543653
2018-06-10,0.658,150,193,2611,55%,55%,20.53%,20.63%,20.05%,17378,1197,110743,23.2,4.8,3885,1907,1640,267,1339,8796,500,772,77799,30833,1123,650,54267,4513,683,22,3,4779,981,818,163,813,0,0,0,715270
2018-06-11,0.794,151,220,5915,48%,45%,20.18%,20.54%,19.12%,9510,2663,265056,21.7,5.8,18223,5484,4388,1096,4880,23962,500,2198,179356,78622,4095,1907,133539,11306,2673,114,21,12216,2465,1865,600,3138,0,0,0,1843562
2018-06-12,0.726,166,252,6127,48%,44%,18.92%,18.97%,18.78%,11339,3908,298247,23.4,5.8,18763,5278,4350,928,5406,26420,500,2313,206754,83774,4531,2005,149070,11805,2731,113,29,12736,2410,1803,607,3232,0,0,0,2119459
2018-06-13,0.695,157,223,5662,48%,44%,19.35%,19.46%,19.02%,27847,2749,298737,25.2,5.1,15701,5054,4214,840,4917,23594,500,2135,208021,83664,4104,1818,144700,11000,2619,97,32,11853,2293,1709,584,3070,0,0,0,1863396
2018-06-14,0.744,167,234,5252,47%,43%,19.03%,19.16%,18.65%,11212,1934,263398,23.5,5,14927,4737,3965,772,4640,22475,500,1940,179973,76845,3957,1697,127103,10339,2505,100,36,11200,2131,1578,553,2965,0,0,0,1870175
2018-06-15,0.737,167,237,4439,47%,43%,19.31%,19.97%,17.51%,11171,2447,212019,22.5,4.9,12400,3506,2802,704,4244,20000,500,1620,144916,61239,3566,1404,104414,8716,2177,100,25,9442,1823,1377,446,2547,0,0,0,1576122
2018-06-16,0.696,135,204,2091,54%,51%,21.55%,22.33%,18.3%,13267,2950,97298,25.1,8.4,6364,1253,1054,199,1092,7019,500,636,66697,28873,919,538,44360,3643,650,31,6,3880,836,698,138,754,0,0,0,525120
2018-06-17,0.712,142,201,2431,53%,52%,20.34%,20.75%,18.54%,14767,3562,113950,25,8,6786,1567,1315,252,1471,8824,500,802,79860,31817,1206,685,52192,4298,728,29,7,4558,927,770,157,847,0,0,0,648600
2018-06-18,0.649,171,251,5416,47%,43%,20.87%,21.52%,19.04%,17918,1998,287602,24.8,4.9,14754,4702,3906,796,4942,23731,500,2265,202597,77798,4178,1919,138893,10714,2575,110,25,11580,2417,1842,575,3020,0,0,0,1981292
2018-06-19,0.735,170,257,5406,46%,42%,21.22%,21.2%,21.27%,10673,1642,290275,24.9,4.6,14730,5173,4208,965,5041,23349,500,2298,195475,87461,4177,1946,137843,10805,2708,105,26,11672,2477,1797,680,3197,0,0,0,1987703
2018-06-20,0.69,160,233,4541,48%,45%,21.04%,21.64%,19.37%,13924,6140,220821,23.1,6.4,16227,3859,3172,687,4007,18527,500,1695,153620,61499,3342,1443,108410,8905,2179,88,19,9550,2009,1519,490,2530,0,0,0,1532090
2018-06-21,0.684,161,227,4768,47%,44%,20.08%,20.49%,19.01%,12623,3628,226752,22.4,7.2,20059,4395,3399,996,4104,20522,500,1692,149967,70989,3462,1460,107411,9304,2380,97,24,10133,2035,1502,533,2804,0,0,0,1631004
2018-06-22,0.675,165,245,4130,47%,44%,19.61%,20.17%,18.14%,23974,2459,217753,24.7,5.4,13125,3968,3280,688,3914,19064,500,1637,150703,61499,3262,1385,98396,8183,2107,68,17,8817,1729,1286,443,2442,0,0,0,1458904
2018-06-23,0.738,125,178,1984,54%,52%,22.26%,23.27%,17.31%,9145,3833,97914,26.6,9,5624,1782,1620,162,1018,6265,500,610,69673,26613,816,486,47381,3486,540,28,6,3679,819,711,108,624,0,0,0,458697
2018-06-24,0.718,132,232,2207,54%,53%,21.94%,22.09%,21.24%,10489,2449,106541,26,6.9,4932,2155,1886,269,1190,7440,500,695,73943,30713,1003,593,51553,3867,589,30,7,4097,899,748,151,711,0,0,0,540691
2018-06-25,0.698,173,268,5217,47%,43%,20.64%,20.92%,19.87%,33991,2484,272067,24.4,4.7,13778,5284,4436,848,4523,22479,500,2099,180261,85184,3806,1797,116232,10216,2512,96,43,11134,2298,1710,588,2959,0,0,0,1926555
2018-06-26,0.674,160,240,5156,47%,44%,20%,20.56%,18.45%,23513,356,209524,19.1,3.7,10807,4453,3688,765,4541,21231,500,1938,144051,58994,3832,1637,104157,10100,2464,105,48,10974,2195,1657,538,2916,0,0,0,1759963
2018-06-27,0.698,167,261,4889,46%,43%,20.3%,20.96%,18.51%,15780,840,298476,28.2,4.3,12315,5261,4444,817,4482,21146,500,1934,207640,84420,3754,1667,148015,9714,2430,105,51,10600,2152,1622,530,2863,0,0,0,1771645
2018-06-28,0.646,166,254,5098,45%,43%,21.07%,21.69%,19.32%,11217,4791,219187,19.4,6.3,18400,4827,3987,840,4930,23326,500,2365,154347,57545,3909,1947,113343,10370,2459,112,63,11317,2385,1817,568,2940,0,0,0,1874101
2018-06-29,0.657,148,217,4866,48%,44%,20.82%,21.49%,18.72%,19687,2607,303954,30,5.9,14553,5467,4810,657,3757,20775,500,1898,211903,86396,3217,1573,157120,9382,2116,125,47,10131,2109,1646,463,2473,0,0,0,1496061
2018-06-30,0.757,124,169,2010,57%,58%,20.43%,20.89%,18.17%,13643,2727,88092,25.1,7.7,4540,1888,1671,217,922,5865,500,538,64782,21850,784,438,47382,3327,509,26,6,3514,718,611,107,589,0,0,0,437051
2018-07-01,0.739,128,189,1896,53%,54%,22.88%,23.82%,17.99%,7425,2402,101680,28.2,7.5,4360,2062,1881,181,1114,6440,500,614,74915,25037,916,522,56114,3419,506,36,9,3605,825,721,104,578,0,0,0,462437
2018-07-02,0.737,159,235,5259,48%,43%,20.46%,21.19%,18.46%,17223,2179,231353,21,4.3,12626,4597,3799,798,4658,21034,500,2040,165567,59088,3895,1785,118985,10103,2484,106,52,11027,2256,1712,544,2947,0,0,0,1747875
2018-07-03,0.7,161,235,5043,47%,43%,20.11%,20.93%,17.87%,10402,1409,296276,27.5,5.5,15931,5189,4401,788,4589,20688,500,1819,202698,87170,3856,1581,149066,9881,2474,120,63,10787,2169,1648,521,2915,0,0,0,1732208
2018-07-04,0.823,163,248,4990,47%,43%,20.17%,20.75%,18.63%,13695,3643,263392,24.6,5.2,15409,4987,4155,832,4629,20544,500,1871,183631,73261,3869,1606,130059,9838,2460,109,51,10703,2159,1611,548,2941,0,0,0,1740312
2018-07-05,0.679,176,267,4890,46%,43%,20.07%,20.47%,18.98%,8604,2879,270489,25.5,6.1,17594,5130,4318,812,4532,21491,500,1932,188033,75992,3782,1665,137236,9736,2425,139,63,10604,2128,1582,546,2876,0,0,0,1864944
2018-07-06,0.679,155,223,4100,48%,44%,20.15%,20.94%,17.89%,10356,2710,211234,24.7,4.5,9902,3991,3412,579,3260,17279,500,1649,146451,59874,2736,1380,105916,7940,1920,81,37,8561,1725,1329,396,2213,0,0,0,1328922
2018-07-07,1.063,125,194,1828,54%,57%,23.84%,24.46%,20.59%,6683,1779,79437,23.4,6.3,3413,1610,1421,189,986,5782,500,601,56141,21709,807,505,40725,3231,473,36,10,3394,809,697,112,544,0,0,0,424891
2018-07-08,0.746,123,172,1949,54%,57%,21.84%,22.31%,19.2%,23298,2060,89275,24.8,6.7,3677,1713,1545,168,1001,6119,500,590,61783,25901,815,510,42839,3434,494,22,11,3595,785,679,106,552,0,0,0,441367
2018-07-09,0.695,168,243,4922,47%,44%,21.42%,22.35%,18.94%,7558,2044,247612,23.5,4.1,11925,5025,4285,740,4558,20707,500,2086,171348,69620,3772,1723,124057,9639,2462,109,57,10538,2257,1712,545,2877,0,0,0,1773864
2018-07-10,0.658,175,278,4833,46%,43%,20.26%,21.24%,17.63%,12716,2579,251786,24.1,4.8,13653,4869,4071,798,4373,20637,500,1989,174498,70926,3614,1679,127388,9515,2367,120,59,10427,2112,1609,503,2853,0,0,0,1822380
2018-07-11,0.726,161,235,4782,47%,43%,20.55%,21.16%,18.87%,11365,2061,251964,24.6,4.3,11661,4903,4174,729,4178,20025,500,1978,177338,68470,3544,1618,125832,9426,2344,104,53,10253,2107,1594,513,2719,0,0,0,1647224
2018-07-12,0.667,157,235,4612,46%,44%,22.02%,22.84%,19.74%,5946,1340,40087,4,4.2,11157,3169,2451,718,4298,19911,500,2178,29041,4570,3609,1840,21824,9319,2259,75,57,10043,2211,1686,525,2660,0,0,0,1575609
2018-07-13,0.634,151,236,4051,48%,45%,19.92%,20.27%,18.92%,434,193,26148,3.1,3.6,8094,2379,1789,590,3579,18393,500,1765,18537,2267,2955,1471,14426,7975,1935,53,43,8525,1698,1276,422,2230,0,0,0,1287331
2018-07-14,0.763,106,151,1814,54%,51%,21.12%,21.52%,19.04%,85,43,8280,2.5,3,1616,1035,890,145,977,5897,452,618,6006,679,786,505,4680,3194,467,17,10,3371,712,609,103,541,0,0,0,358466
2018-07-15,0.743,107,173,1553,56%,56%,20.45%,20.27%,21.32%,53,53,6855,2.5,3,1366,813,682,131,796,4986,341,488,5080,491,638,401,3878,2648,398,14,9,2783,569,472,97,455,0,0,0,297931
2018-07-16,0.768,174,256,4312,47%,43%,22.07%,22.77%,20.19%,14541,200,311002,33.6,3.8,9441,4833,4124,709,3998,17976,500,1737,216864,88403,3318,1441,151209,8488,2108,188,55,9266,2045,1538,507,2511,0,0,0,1611469
2018-07-17,0.871,174,254,4705,45%,42%,22.65%,23.63%,19.98%,11899,4385,492625,47,5.3,14893,6359,5576,783,4531,19896,500,1981,347330,138783,3746,1700,242509,9556,2396,234,56,10473,2372,1810,562,2813,0,0,0,1824738
2018-07-18,0.791,179,253,4474,45%,42%,22.59%,23.91%,19.13%,10354,6600,470887,47.5,6.7,18350,6102,5304,798,4237,19565,500,1905,336257,128488,3538,1614,240153,9001,2325,186,45,9912,2239,1716,523,2734,0,0,0,1769480
2018-07-19,0.709,174,243,4298,45%,43%,21.2%,21.92%,19.32%,8381,2934,248599,26.3,5.7,15066,4129,3422,707,4255,19240,500,1779,176673,65892,3552,1510,126202,8734,2219,131,47,9452,2004,1497,507,2624,0,0,0,1642473
2018-07-20,0.697,173,251,3845,46%,42%,21.59%,21.4%,22.11%,11866,3010,233333,28,5.6,12602,3719,3050,669,3597,18136,500,1536,168597,59603,3017,1314,120648,7735,1934,89,36,8332,1799,1305,494,2234,0,0,0,1438707
2018-07-21,1.191,136,166,1794,53%,56%,23.98%,24.67%,20.4%,17875,884,120434,35.7,4.8,2652,2059,1878,181,980,6122,500,662,93029,25763,814,551,71427,3200,483,39,8,3378,810,698,112,549,0,0,0,460457
2018-07-22,0.77,139,251,2018,54%,52%,21.62%,21.78%,20.78%,11841,3077,108566,29.3,8.7,5101,1927,1685,242,1076,6614,500,624,82222,24644,863,516,59519,3516,514,23,2,3705,801,679,122,587,0,0,0,514264
2018-07-23,0.727,179,265,4599,46%,43%,21.59%,22.44%,19.36%,18638,1770,280261,27.9,6,16513,4826,4001,825,4433,20441,500,2020,199497,74311,3741,1742,134181,9216,2299,92,45,10056,2171,1634,537,2774,0,0,0,1804521
2018-07-24,0.755,155,227,3642,47%,42%,20.06%,20.54%,18.73%,10730,2298,121410,15.8,4.8,9783,2879,2359,520,3207,15029,500,1467,87668,29068,2698,1234,62144,7199,1781,67,39,7692,1543,1161,382,2039,0,0,0,1191836
2018-07-25,0.708,164,225,4403,46%,42%,21.47%,22.54%,18.4%,9168,2490,253374,26.3,4.6,11415,4689,4057,632,4044,19245,500,1902,181546,65882,3357,1608,129392,8867,2082,112,43,9630,2068,1612,456,2478,0,0,0,1577756
2018-07-26,0.725,165,238,4237,46%,42%,21.34%,22.42%,18.63%,16260,1528,347049,37.8,4.9,12953,5227,4545,682,3802,18204,500,1694,241698,99855,3221,1469,173951,8343,2184,122,55,9186,1960,1472,488,2619,0,0,0,1518714
2018-07-27,0.707,168,242,3713,48%,44%,21.35%,22.26%,18.96%,48743,1684,195087,25,4.7,10021,3652,3038,614,3168,16722,500,1431,138584,51904,2639,1218,86936,7185,1847,92,40,7809,1667,1259,408,2152,0,0,0,1310556
2018-07-28,0.801,135,185,1840,53%,50%,23.09%,23.58%,20.31%,12505,546,87957,25.3,5.3,2745,1672,1495,177,923,6187,500,638,61214,25182,740,526,40256,3314,464,24,7,3474,802,696,106,522,0,0,0,467966
2018-07-29,1.176,138,204,1949,53%,52%,23.48%,23.69%,22.32%,14744,2494,103440,28.3,7.8,4488,1898,1684,214,1027,6509,500,614,73905,27894,835,517,48663,3482,510,23,3,3659,859,730,129,578,0,0,0,504601
2018-07-30,0.747,157,219,4524,48%,44%,21.31%,21.99%,19.25%,14884,1942,216832,23.1,4.5,10443,4283,3627,656,3438,17899,500,1783,147957,63654,2889,1514,105313,8660,1953,89,36,9407,2005,1560,445,2312,0,0,0,1477650
2018-07-31,0.658,163,228,4193,46%,42%,21.44%,22.26%,19.09%,15046,930,202100,22.1,4.4,10433,3186,2547,639,3988,17925,500,1782,136782,59548,3267,1489,95207,8453,2024,99,17,9128,1957,1504,453,2373,0,0,0,1484026
2018-08-01,0.663,167,273,3888,46%,42%,22.88%,22.99%,22.54%,10723,2046,174424,20.6,5.1,10800,3555,2853,702,3545,16894,500,1661,108939,60279,2985,1416,80565,7866,1805,94,17,8475,1939,1458,481,2134,0,0,0,1419134
2018-08-02,0.665,159,245,4083,47%,44%,21.98%,22.6%,20.24%,13399,1607,173973,20.1,4.6,10513,3685,3060,625,3556,16460,500,1670,110940,57807,2946,1405,84441,8000,1923,77,16,8648,1901,1443,458,2263,0,0,0,1378334
2018-08-03,0.619,154,225,3447,46%,41%,22.92%,23.72%,20.47%,12878,2363,144090,19.4,6.1,11177,3514,2937,577,3098,15731,500,1382,91433,48177,2561,1193,70947,6928,1555,62,13,7443,1706,1332,374,1827,0,0,0,1144719
2018-08-04,0.788,118,160,1861,54%,54%,23.34%,22.95%,25.87%,8705,662,63316,18.5,5.6,2585,1363,1179,184,880,6052,500,625,38819,22992,730,510,29125,3283,421,24,4,3423,799,680,119,460,0,0,0,405529
2018-08-05,0.766,125,163,1841,53%,54%,22.13%,22.79%,18.07%,5765,224,64653,18.8,3.5,1681,1367,1225,142,985,5886,500,578,38268,24822,798,485,29884,3295,420,27,3,3444,762,674,88,487,0,0,0,430040
2018-08-06,0.661,157,217,4001,48%,43%,22.03%,22.46%,20.68%,16398,743,157147,19,5.5,10963,4269,3603,666,3307,16101,500,1542,93130,59168,2699,1337,70777,7699,1718,84,24,8271,1822,1407,415,2007,0,0,0,1294439
2018-08-07,0.669,166,252,4070,47%,42%,22.42%,22.82%,21.14%,12396,338,183663,21.4,4.4,9086,4217,3571,646,3631,16533,500,1673,117475,60884,2915,1407,84045,7969,1777,91,18,8596,1927,1487,440,2081,0,0,0,1429063
2018-08-08,0.682,158,220,4048,48%,46%,22.82%,23.72%,19.89%,8537,687,163462,19.5,4,7975,3675,3116,559,3242,15960,500,1611,102229,56380,2700,1366,75618,7845,1698,70,8,8379,1912,1520,392,1971,0,0,0,1326407
2018-08-09,0.726,144,196,4227,49%,44%,22.49%,23.36%,19.62%,11759,558,166709,19.1,4.6,9331,4097,3507,590,3337,16674,500,1698,104398,57276,2844,1417,79560,8093,1732,89,21,8706,1958,1562,396,2018,0,0,0,1256777
2018-08-10,0.678,146,202,3577,49%,47%,22.5%,23.16%,20.27%,18574,638,142741,19.4,4.5,7687,3489,2966,523,2704,14834,500,1331,91393,47313,2253,1142,69302,6884,1465,60,13,7343,1652,1309,343,1692,0,0,0,1070807
2018-08-11,0.75,131,197,1855,55%,53%,24.01%,24.59%,20.81%,19544,542,67038,19.8,4.3,2222,1784,1621,163,885,5903,500,575,42581,22997,715,449,32066,3237,459,17,3,3386,813,705,108,519,0,0,0,444159
2018-08-12,0.721,129,186,1931,53%,50%,22.99%,23.91%,18.21%,7642,1478,76648,21.2,5.6,3276,1829,1650,179,998,6413,500,642,47972,27036,837,557,37352,3417,481,17,1,3619,832,726,106,582,0,0,0,467775
2018-08-13,0.7,167,255,3685,48%,43%,21.83%,22.58%,19.33%,14402,706,154886,20.3,4.9,8641,3777,3279,498,2904,14924,500,1526,97216,53240,2463,1277,73690,7114,1511,60,19,7622,1664,1325,339,1754,0,0,0,1269200
2018-08-14,0.698,157,232,3734,49%,46%,21.71%,21.94%,20.97%,18186,1060,159262,20.9,5.2,9214,3684,3121,563,2793,14474,500,1404,102617,52448,2342,1185,73707,7094,1487,61,19,7627,1656,1287,369,1760,0,0,0,1196206
2018-08-15,0.81,125,195,2382,54%,55%,22.32%,22.51%,21.28%,15670,1321,103994,23.5,5.7,3903,2331,2095,236,1218,7857,500,706,66861,35209,992,610,49058,4208,595,28,5,4431,989,843,146,686,0,0,0,553956
2018-08-16,0.738,147,225,3861,50%,45%,21.28%,21.58%,20.34%,9499,2926,157586,20.4,6.3,11500,3565,2986,579,2731,14606,500,1359,104582,48914,2318,1165,80059,7201,1517,59,21,7738,1647,1276,371,1824,0,0,0,1134112
2018-08-17,0.674,148,225,3734,48%,45%,21.99%,22.55%,19.95%,14257,862,159198,20.6,5.4,8851,3845,3269,576,2750,16718,500,1467,98676,56305,2274,1212,76581,7224,1410,77,21,7725,1699,1371,328,1644,0,0,0,1146218
2018-08-18,0.787,117,149,2593,52%,53%,20.75%,20.73%,20.91%,15865,428,102514,20.5,3.7,2310,2165,1984,181,1362,9312,500,945,59186,41021,1103,650,43354,4786,539,32,7,4992,1036,907,129,617,0,0,0,586112
2018-08-19,0.813,120,170,2366,55%,54%,22.55%,22.95%,20.31%,14163,775,91583,21.4,4.4,2827,2320,2134,186,1203,7469,500,789,61175,28416,937,633,45186,4061,548,23,6,4279,965,835,130,640,0,0,0,511497
2018-08-20,0.707,154,222,4427,48%,46%,22.21%,23.02%,19.54%,14043,1055,180033,19.5,3.9,8495,4681,3995,686,3336,18125,500,1947,111940,62810,2864,1549,85549,8558,1828,89,44,9250,2054,1632,422,2160,0,0,0,1427333
2018-08-21,0.724,162,237,4337,46%,44%,21.85%,22.38%,20.25%,8954,462,192926,20.7,3.8,8738,4195,3541,654,3629,18368,500,1799,123978,63520,3060,1508,91698,8595,1967,97,41,9331,2039,1568,471,2326,0,0,0,1507470
2018-08-22,0.711,157,236,4287,47%,44%,21.62%,22.54%,18.72%,20747,1734,199937,21.8,4.9,10839,4211,3531,680,3445,18049,500,1785,126865,67842,2929,1478,93992,8448,1889,91,41,9187,1986,1570,416,2222,0,0,0,1445702
2018-08-23,0.705,169,246,4335,47%,45%,22.29%,22.6%,21.34%,14293,1225,199871,21.7,5.1,11721,4401,3655,746,3609,18294,500,1794,127892,66576,3006,1519,95979,8498,1937,88,43,9199,2050,1562,488,2287,0,0,0,1554706
2018-08-24,0.661,152,236,3964,48%,44%,22.44%,23.02%,20.52%,7920,658,171403,20.7,3.8,7445,3829,3270,559,3200,17154,500,1534,109587,57082,2664,1300,82870,7689,1664,83,35,8286,1859,1462,397,1935,0,0,0,1261913
2018-08-25,0.732,127,180,2201,54%,55%,22.09%,22.75%,18.32%,12054,345,79642,19.6,3.5,2111,1820,1671,149,1081,7091,500,664,49839,28058,914,574,37091,3849,536,31,11,4061,897,786,111,606,0,0,0,517040
2018-08-26,0.766,127,177,2315,52%,54%,23.03%,23.5%,20.46%,14797,401,94407,21.3,3.4,2326,2113,1910,203,1226,7856,500,878,58490,33813,977,735,43739,4192,606,39,10,4429,1020,879,141,689,0,0,0,564368
2018-08-27,0.701,160,233,4829,46%,43%,22.83%,23.63%,20.25%,8542,743,182632,17.5,4,9725,4765,4080,685,4078,19895,500,2019,110640,65895,3442,1728,80589,9560,2054,122,50,10423,2380,1883,497,2454,0,0,0,1665149
2018-08-28,0.752,157,229,5032,47%,46%,22.55%,23.03%,21.1%,10721,964,191882,17.9,4.3,11538,5050,4238,812,4433,20676,500,2177,113087,72185,3635,1791,70853,9915,2275,108,46,10712,2416,1854,562,2663,0,0,0,1682685
2018-08-29,0.709,164,242,4941,46%,45%,21.56%,22.14%,19.78%,9258,1016,198114,18.5,4.9,12767,5015,4226,789,4491,21047,500,2269,121152,70202,3746,1709,80000,9913,2204,112,39,10727,2313,1796,517,2614,0,0,0,1755619
2018-08-30,0.717,156,213,4805,46%,45%,22.13%,22.8%,20.02%,9603,1826,188164,18.1,4.4,10954,4820,4086,734,4316,19820,500,2003,114709,67136,3605,1679,74411,9666,2154,112,39,10381,2297,1797,500,2498,0,0,0,1622200
2018-08-31,0.703,151,209,4219,47%,47%,22.68%,23.17%,21.15%,13752,1578,165317,18.5,4.4,9533,4158,3485,673,3531,18522,500,1708,99881,60197,2892,1471,66161,8305,1887,87,29,8937,2027,1565,462,2184,0,0,0,1353477
2018-09-01,0.759,126,166,2264,52%,54%,23.07%,23.72%,19.24%,4999,422,76008,17.5,3.9,2477,2077,1898,179,1329,7541,500,763,44377,29539,1088,649,29268,4150,556,30,6,4352,1004,882,122,634,0,0,0,549321
2018-09-02,0.676,120,179,2446,52%,53%,22.88%,23.37%,20.03%,10994,1630,85389,18.1,5.7,3910,2220,1975,245,1554,8290,500,800,50951,32084,1238,685,32785,4495,603,25,5,4716,1079,941,138,689,0,0,0,567569
2018-09-03,0.742,151,217,5530,47%,45%,21.87%,22.26%,20.53%,10352,1995,206457,17.7,4.5,12041,5138,4298,840,4628,22327,500,2360,124244,75225,3845,1861,80532,10847,2257,111,39,11669,2552,2006,546,2659,0,0,0,1762149
2018-09-04,0.734,162,237,5470,46%,44%,21.63%,22.15%,19.96%,15991,2132,222035,18.6,5.1,14368,5393,4561,832,4950,23500,500,2270,129665,85150,4076,1957,85302,11130,2397,117,52,11963,2588,2027,561,2810,0,0,0,1942660
2018-09-05,0.759,155,222,5346,46%,44%,22.01%,22.47%,20.45%,38015,1901,225377,19.4,4.8,12565,5200,4439,761,4943,23019,500,2330,131259,86845,4044,1967,80814,10867,2263,115,35,11643,2563,2025,538,2631,0,0,0,1800086
2018-09-06,0.743,165,225,5508,45%,43%,21.32%,21.96%,19.21%,65535,3887,230548,18.9,5.5,15540,5448,4687,761,5282,24477,500,2360,138352,90367,4381,2006,84692,11299,2423,123,47,12206,2602,2056,546,2842,0,0,0,2013713
2018-09-07,0.779,159,251,5041,47%,44%,20.58%,21.54%,17.43%,65535,65535,207279,19.3,30.8,77645,4785,3383,1402,4364,21623,500,1929,120299,82751,3639,1626,75700,10019,2159,101,35,10763,2215,1775,440,2524,0,0,0,1710488
2018-09-08,0.79,128,191,2438,53%,55%,21.24%,22.07%,16.71%,51371,7066,84044,18.3,12.9,9231,2133,1895,238,1268,8220,500,783,48262,33731,1059,663,27632,4381,636,38,5,4605,978,858,120,718,0,0,0,591363
2018-09-09,0.722,126,255,2653,52%,53%,22.67%,22.89%,21.36%,65535,65535,90709,17.7,92.3,67856,2547,1508,1039,1505,9066,500,861,55197,38285,1264,743,32445,4903,641,35,6,5139,1165,1008,157,735,0,0,0,645872
2018-09-10,0.766,155,246,5901,46%,43%,21.77%,22.52%,19.24%,65535,65535,232213,18.1,26.5,78234,5978,4291,1687,5186,25639,500,2443,142085,94933,4358,2084,91258,11944,2486,130,43,12854,2798,2230,568,2952,0,0,0,1986156
2018-09-11,0.781,154,252,6494,47%,43%,21.87%,22.22%,20.66%,52890,52890,269622,19.3,22.2,69875,6365,4862,1503,5677,27471,500,2653,153899,107393,4718,2235,91117,13047,2725,112,45,13946,3050,2400,650,3146,0,0,0,2151577
2018-09-12,0.712,163,251,6462,47%,44%,21.58%,22.28%,19.22%,29042,29042,219893,16,13,40706,6060,4917,1143,5685,27815,500,2536,125301,86371,4676,2154,83982,12736,2669,140,66,13765,2971,2369,602,3132,0,0,0,2249435
2018-09-13,0.824,152,240,7545,49%,46%,19.88%,20.18%,18.74%,50465,50465,295971,19.2,19.8,63460,6673,5329,1344,5855,31488,500,2723,167078,120315,4767,2249,111997,14399,2744,163,72,15415,3065,2465,600,3202,0,0,0,2336822
2018-09-14,0.755,157,223,6304,48%,48%,21.33%,21.97%,19.1%,42838,18289,346503,26.6,11.6,33171,11679,10281,1398,4905,25725,500,2327,220489,118782,4087,1988,164089,12105,2495,157,61,13007,2775,2227,548,2869,0,0,0,2037252
2018-09-15,0.767,117,269,3107,54%,56%,22.22%,22.21%,22.24%,65535,65535,104424,18.3,87.9,68414,3270,1872,1398,1623,10177,500,950,78324,43991,1331,804,50543,5431,684,41,11,5712,1269,1096,173,778,0,0,0,666038
2018-09-16,0.751,114,228,3510,54%,54%,21.37%,21.71%,19.52%,65535,65535,125206,19.3,68.1,68723,3382,2148,1234,1748,11332,500,1138,94949,46282,1448,958,66333,6144,891,45,20,6485,1386,1189,197,1009,0,0,0,740352
2018-09-17,0.826,155,248,7175,48%,44%,21.43%,22.1%,19.19%,17450,17450,185117,12.4,8.8,30527,6033,4846,1187,6206,30421,500,2784,112501,63626,5160,2360,79807,13876,2893,130,66,14979,3210,2548,662,3450,0,0,0,2328270
2018-09-18,1.152,169,246,7017,46%,44%,21.51%,22.15%,19.53%,29970,2658,280489,18.5,5.4,20072,6980,5887,1093,6562,32386,500,2802,149879,121246,5314,2322,100704,13960,3137,173,66,15179,3265,2538,727,3722,0,0,0,2570098
2018-09-19,1.15,160,242,7016,48%,45%,20.81%,21.33%,19.13%,23578,5256,230392,15.7,6.6,22849,6227,5135,1092,5992,29744,500,2680,130834,90886,4781,2308,91391,13551,2911,176,78,14629,3044,2381,663,3466,0,0,0,2346655
2018-09-20,1.141,160,228,6770,47%,44%,20.53%,21.1%,18.7%,1911,1911,45978,3.2,4.5,15188,4103,3218,885,6060,29451,500,2636,31750,5532,4933,2241,23754,13249,2848,97,69,14260,2928,2295,633,3385,0,0,0,2278689
2018-09-21,0.931,184,248,6355,48%,46%,20.86%,21.2%,19.71%,518,147,39434,3,3.5,10570,3804,2991,813,5440,27773,500,2424,28009,3561,4328,2076,20676,12317,2598,79,56,13191,2751,2150,601,3049,0,0,0,2421936
2018-09-22,0.947,115,221,3134,52%,50%,21.38%,21.76%,19.18%,192,102,15723,2.6,3.5,3127,1863,1626,237,1842,11278,500,1031,11447,1403,1537,857,8773,5737,781,21,12,6021,1287,1115,172,897,0,0,0,694362
2018-09-23,0.944,116,195,3763,53%,53%,21.07%,21.46%,19%,606,120,18463,2.6,3.2,3537,2169,1869,300,2052,13553,500,1235,13706,1470,1767,1035,10320,6668,969,13,7,7035,1482,1269,213,1121,0,0,0,817064
2018-09-24,1.008,170,249,7449,48%,45%,19.97%,20.06%,19.7%,1268,1268,46287,3,3.8,13912,4368,3323,1045,6270,32802,500,2823,33044,4150,5245,2426,24471,14543,3122,75,58,15556,3107,2382,725,3680,0,0,0,2644437
2018-09-25,1.345,174,242,7573,47%,45%,20.83%,21.84%,17.53%,18421,295,353625,22,3.6,13428,7669,6801,868,6688,31782,500,2769,214124,130044,5526,2330,147579,14996,3250,239,58,16109,3355,2693,662,3776,0,0,0,2795261
2018-09-26,1.279,168,240,6922,46%,45%,21.51%,22.32%,18.91%,65535,2077,771919,51.8,4.7,16829,11529,10556,973,5639,28709,500,2667,461400,314119,4787,2292,292048,13705,3004,302,67,14916,3208,2536,672,3554,0,0,0,2507613
2018-09-27,2.482,170,254,7048,47%,45%,22.44%,23.18%,20.06%,17505,17505,707788,47.5,9.7,34125,11218,9997,1221,5725,27765,500,2543,403756,295764,4632,2173,266143,13562,2992,340,75,14908,3345,2636,709,3534,0,0,0,2535010
2018-09-28,1.073,162,222,6040,47%,45%,21.33%,21.78%,19.9%,10553,1526,400494,31.2,6.2,18979,7337,6425,912,4745,25182,500,2373,239075,154301,4012,2001,159952,11902,2649,220,52,12818,2734,2125,609,3061,0,0,0,2081909
2018-09-29,1.21,124,201,3100,53%,54%,20.53%,20.8%,19.09%,7339,1775,107640,18.6,5.4,4998,2611,2353,258,1686,10599,500,941,64392,40621,1437,809,43301,5482,800,43,4,5797,1190,1014,176,922,0,0,0,718036
2018-09-30,1.245,126,194,3574,54%,53%,21.06%,21.49%,18.77%,15909,1141,132933,20.2,4.1,4267,2943,2654,289,1751,11419,500,1061,82642,47479,1493,907,59693,6215,893,49,8,6582,1386,1190,196,1044,0,0,0,830520
2018-10-01,1.397,168,258,7030,47%,43%,20.76%,21.49%,18.49%,7950,1882,298165,20,5.2,18927,6648,5643,1005,6289,29882,500,2645,170891,118340,5073,2254,120770,13686,3069,171,78,14876,3088,2416,672,3634,0,0,0,2503200
2018-10-02,1.221,167,247,7148,47%,44%,20.56%,21.54%,17.56%,15833,942,287798,19.1,4.5,16545,6731,5768,963,6009,31016,500,2858,156821,122110,5013,2389,104083,13866,3141,176,88,15056,3096,2447,649,3695,0,0,0,2507872
2018-10-03,0.87,169,235,7292,48%,43%,20.27%,21.01%,17.79%,12751,1540,269309,17.8,4.8,16837,6863,5920,943,5593,31467,500,2755,143158,117803,4707,2362,99344,14054,2986,171,50,15090,3058,2439,619,3480,0,0,0,2557636
2018-10-04,0.832,164,235,7264,49%,45%,19.33%,19.74%,17.98%,8482,2220,259377,17.4,4.3,15231,4455,3577,878,5315,29402,500,2581,146658,104823,4490,2200,101525,13827,3023,154,30,14897,2879,2246,633,3520,0,0,0,2449819
2018-10-05,1.047,167,270,6285,49%,44%,19.65%,20.26%,17.83%,10159,1741,237133,18.3,5.2,16964,4435,3641,794,4750,26405,500,2346,129828,100209,3944,1982,86618,11911,2726,153,60,12956,2546,1965,581,3258,0,0,0,2163437
2018-10-06,0.779,125,213,3347,54%,51%,20.78%,21.23%,18.3%,5814,2605,127171,20.6,7,6571,2819,2567,252,1633,11439,500,1013,78658,45867,1391,880,51313,5832,826,55,13,6168,1282,1110,172,940,0,0,0,770706
2018-10-07,0.763,126,190,3980,54%,51%,21.4%,21.64%,20.17%,8915,2526,135548,18.5,5.4,6404,3271,2888,383,1837,13082,500,1329,82915,49467,1569,1126,54313,6917,1047,40,8,7318,1566,1325,241,1195,0,0,0,918771
2018-10-08,1.333,165,246,7980,49%,46%,19.81%,20.44%,17.73%,5768,1966,269081,16.6,4,15388,6937,5991,946,5956,32291,500,2830,149792,110503,4818,2427,111372,14950,3228,165,80,16206,3210,2536,674,3801,0,0,0,2680743
2018-10-09,0.947,171,240,7878,48%,44%,20.96%,21.68%,18.77%,28742,3586,317670,19.5,5.6,22312,7521,6391,1130,6148,33339,500,2895,178286,130341,5065,2491,124249,15011,3385,189,52,16256,3408,2663,745,3970,0,0,0,2776169
2018-10-10,0.999,166,241,7918,49%,43%,21.19%,21.75%,19.5%,9410,1687,277482,17.1,5.2,20701,7427,6227,1200,5885,32944,500,2945,150014,118638,4850,2512,109118,14989,3385,188,64,16208,3435,2659,776,3980,0,0,0,2684724
2018-10-11,0.872,161,228,7774,50%,45%,20.21%,20.78%,18.41%,15429,1879,291296,18.6,5.1,19278,6489,5441,1048,5806,31898,500,2848,161690,120952,4873,2343,109663,14529,3261,159,51,15693,3171,2470,701,3807,0,0,0,2518752
2018-10-12,0.93,157,243,7355,50%,45%,18.08%,18.24%,17.56%,12535,1956,256516,17.4,5.2,18283,4160,3291,869,5531,29691,500,2390,134243,114352,4583,2040,89857,13660,2957,158,62,14733,2663,2049,614,3497,0,0,0,2309188
2018-10-13,0.694,122,206,3514,54%,53%,21.4%,21.48%,21%,5566,949,118311,18.1,4.4,4722,2601,2222,379,1699,11889,500,1118,66162,49332,1426,960,40795,6170,916,49,11,6524,1396,1173,223,1062,0,0,0,793553
2018-10-14,0.827,128,207,4402,55%,50%,20.77%,20.61%,21.54%,9843,2061,141442,17.6,5.1,7003,3078,2629,449,2205,15427,500,1378,84231,53628,1882,1172,53946,7552,1178,60,9,8049,1672,1376,296,1374,0,0,0,1031759
2018-10-15,1.148,162,264,8642,49%,44%,19.8%,20.06%,18.94%,29376,2152,295688,16.9,5.1,20809,7283,6175,1108,6090,34374,500,3207,162643,123748,5018,2754,112594,16169,3495,202,84,17475,3460,2682,778,4107,0,0,0,2833818
2018-10-16,1.067,172,254,8002,49%,44%,19.86%,20.47%,17.99%,10649,2175,284869,17.3,5,20230,7191,6112,1079,6285,33318,500,2921,156648,119015,5161,2522,109825,15208,3425,161,68,16447,3266,2539,727,4042,0,0,0,2831985
2018-10-17,1.399,181,263,5407,48%,41%,19.14%,19.11%,19.22%,14835,2832,197534,17.4,5.1,15073,4558,3758,800,4769,22620,500,2137,110178,80450,3862,1842,72223,10563,2545,131,51,11335,2169,1605,564,2935,0,0,0,2048126
2018-10-18,2.012,150,258,7540,49%,45%,17.87%,17.93%,17.68%,732,732,42489,2.8,3.7,13517,3701,2822,879,6158,29628,500,2887,29712,3732,4937,2450,23381,14212,3168,107,80,15258,2727,2076,651,3682,0,0,0,2289849
2018-10-19,1.198,151,241,6741,49%,45%,19.1%,19.48%,17.96%,266,79,39598,2.9,3.5,12262,3636,2782,854,5533,27321,500,2691,27468,3906,4575,2279,20999,12753,2961,104,80,13719,2620,1994,626,3485,0,0,0,2074175
2018-10-20,0.896,119,193,3268,52%,51%,21.51%,21.47%,21.7%,114,114,16652,2.6,3.5,3853,1915,1589,326,2084,11828,500,1296,11911,1361,1707,1119,9136,5976,977,19,13,6323,1360,1118,242,1115,0,0,0,754455
2018-10-21,0.794,117,220,3510,51%,47%,21.2%,21.84%,18.11%,128,128,18166,2.7,3.9,4587,2048,1747,301,2266,13050,500,1358,13160,1382,1911,1151,9925,6477,1002,24,14,6853,1453,1240,213,1176,0,0,0,802335
2018-10-22,0.891,152,250,7472,47%,43%,19.41%,19.69%,18.6%,160,160,45401,2.9,3.7,14952,4265,3245,1020,6351,31641,500,3250,31766,4034,5316,2786,24222,14593,3449,121,89,15736,3054,2298,756,4065,0,0,0,2398697
2018-10-23,1.7,146,223,7460,49%,46%,20.27%,20.79%,18.78%,164,164,42999,2.8,3.5,13782,4250,3258,992,6088,29935,500,3151,30056,3704,4986,2688,23198,14164,3327,112,82,15353,3112,2364,748,3983,0,0,0,2241916
2018-10-24,0.917,154,231,7260,48%,44%,20.02%,20.46%,18.78%,137,136,45237,3,3.6,14450,4307,3302,1005,6120,31487,500,3396,31618,4103,5095,2856,23811,14139,3400,108,82,15274,3058,2307,751,4000,0,0,0,2349871
2018-10-25,0.933,149,229,7245,48%,46%,19.36%,19.65%,18.57%,101,99,42674,2.9,3.5,13836,4021,2976,1045,6153,29738,500,3079,29858,3584,5126,2668,22889,13830,3278,117,88,14940,2893,2165,728,3921,0,0,0,2225225
2018-10-26,0.87,146,224,6589,50%,46%,19.86%,20.53%,17.99%,678,146,41205,3.1,3.5,12149,3661,2802,859,5723,28673,500,2610,28770,4102,4747,2222,21464,12193,2941,105,75,13155,2613,1989,624,3468,0,0,0,1916974
2018-10-27,0.781,122,218,3266,53%,53%,20.6%,21.21%,17.88%,162,162,16553,2.7,3.6,4109,1903,1613,290,2034,11743,500,1250,11818,1451,1679,1057,8945,5912,1004,26,20,6213,1280,1076,204,1141,0,0,0,754980
2018-10-28,0.732,122,212,3596,53%,51%,21.45%,22.44%,16.92%,161,161,18276,2.7,3.4,4227,2153,1860,293,2042,13208,500,1477,13321,1436,1766,1253,10061,6472,1058,22,14,6845,1468,1260,208,1229,0,0,0,832101
2018-10-29,0.934,146,231,7094,48%,44%,20.66%,21.1%,19.38%,162,107,41109,2.8,3.5,13185,4179,3173,1006,5639,28385,500,3136,28479,3855,4649,2678,21890,13514,3136,87,63,14630,3022,2295,727,3751,0,0,0,2142023
2018-10-30,0.984,140,233,7129,50%,45%,19.52%,19.96%,18.24%,145,145,39693,2.8,3.5,12973,3845,2938,907,5357,27605,500,2954,27707,3675,4496,2482,21371,13398,3160,88,64,14348,2801,2131,670,3673,0,0,0,2010133
2018-10-31,0.894,145,234,6327,49%,45%,19.49%,19.85%,18.43%,108,108,36936,2.9,3.6,12171,3570,2693,877,4894,25540,500,2869,25645,3528,4089,2348,19588,11981,2834,80,58,12922,2518,1902,616,3342,0,0,0,1868888
2018-11-01,0.8,123,220,4076,53%,50%,21.49%,21.59%,21.05%,159,159,20418,2.7,3.6,5044,2376,1953,423,2375,14771,500,1586,14855,1602,2032,1340,11320,7263,1199,25,16,7696,1654,1362,292,1387,0,0,0,944890
2018-11-02,0.842,130,215,4753,51%,49%,21.23%,22.01%,18.63%,129,111,25630,2.7,3.5,7508,2886,2305,581,3421,17896,500,2054,17975,2180,2881,1731,13652,8702,1804,62,54,9365,1988,1583,405,2174,0,0,0,1215134
2018-11-03,0.853,119,229,3179,53%,47%,22.37%,22.91%,19.87%,86,86,16008,2.6,3.7,3919,2005,1674,331,1924,11541,500,1313,11622,1149,1581,1084,8835,5728,911,13,7,6048,1353,1141,212,1067,0,0,0,719970
2018-11-04,0.728,114,220,3795,53%,48%,21.81%,22.08%,20.5%,128,128,18681,2.6,3.4,4210,2297,1908,389,2148,13306,500,1500,13426,1607,1818,1245,10286,6795,1050,22,15,7184,1567,1314,253,1234,0,0,0,819869
2018-11-05,1.303,146,223,7667,49%,46%,18.94%,19.19%,18.2%,182,122,43575,2.8,3.5,14056,3997,3032,965,6627,29110,500,3277,29252,4419,5396,2779,22775,14399,3364,110,81,15572,2949,2217,732,4021,0,0,0,2272821
2018-11-06,0.767,149,233,8356,48%,44%,19.41%,20.02%,17.73%,143,100,49585,2.8,3.5,16428,4652,3521,1131,7313,34031,500,3477,34284,4511,6232,2957,26350,16135,3934,114,86,17415,3380,2556,824,4648,0,0,0,2595637
2018-11-07,0.759,145,242,8136,49%,44%,20.53%,21.3%,18.38%,279,116,46986,2.9,3.7,15835,4715,3594,1121,6130,32889,500,3441,33107,4308,5212,2929,25311,15232,3573,113,83,16446,3377,2586,791,4303,0,0,0,2390437
2018-11-08,0.72,137,234,8870,50%,45%,21.26%,21.88%,19.26%,163,163,50084,2.8,3.6,15090,5852,4608,1244,6474,35091,500,4194,35345,4071,5524,3316,26648,16750,3593,109,78,17875,3801,2989,812,4216,0,0,0,2452545
2018-11-09,0.753,137,240,8565,51%,45%,18.3%,18.25%,18.48%,150,97,47145,2.8,3.7,14539,4455,3384,1071,5933,33419,500,3149,33666,4397,5046,2582,25733,15542,3326,98,72,16664,3050,2320,730,3951,0,0,0,2283241
2018-11-10,0.827,110,200,4788,59%,55%,18.51%,18.73%,17.44%,120,120,19721,2.4,3.3,4543,2162,1823,339,2173,14478,500,1360,14644,1544,1822,1154,11342,7651,1190,31,16,8152,1509,1267,242,1388,0,0,0,900331
2018-11-11,0.83,118,208,4032,53%,53%,20.19%,20.52%,18.63%,107,107,19342,2.6,3.1,4182,2198,1854,344,2189,13898,500,1431,14081,1641,1873,1182,10730,7159,1138,27,17,7584,1531,1281,250,1342,0,0,0,894877
2018-11-12,0.749,146,226,8777,49%,46%,19.73%,20.17%,18.42%,242,78,51072,2.9,3.4,15160,4968,3826,1142,6986,35334,500,3608,35529,4949,5868,3044,26873,16571,3719,106,75,17852,3523,2707,816,4429,0,0,0,2614259
2018-11-13,0.769,139,224,9069,50%,44%,19.48%,19.57%,19.2%,157,101,51228,2.8,3.6,16322,4934,3726,1208,6593,35898,500,3727,36127,4781,5558,3075,27581,16918,3856,115,79,18161,3538,2670,868,4520,0,0,0,2528322
2018-11-14,0.741,138,215,8646,51%,44%,19.5%,19.66%,19.02%,194,99,47765,2.8,3.6,15161,4686,3544,1142,6137,33573,500,3309,33760,4559,5239,2767,26041,15810,3616,112,86,16981,3311,2504,807,4242,0,0,0,2346710
2018-11-15,0.65,142,205,7762,48%,44%,19.03%,19.91%,16.53%,140,140,45188,2.8,3.5,14459,4289,3321,968,6126,31318,500,3244,31536,4282,5212,2740,24113,14878,3571,94,66,16012,3047,2355,692,4186,0,0,0,2270072
2018-11-16,1.131,152,237,6544,48%,44%,19.98%,20.47%,18.57%,97,97,40229,3,3.7,13082,3859,2929,930,5513,27666,500,2843,27890,3983,4669,2393,21312,12665,3010,71,51,13578,2713,2064,649,3495,0,0,0,2058250
2018-11-17,1.259,122,210,3520,53%,51%,20.13%,20.7%,17.63%,167,69,17212,2.6,3.2,3886,2002,1646,356,2011,12367,500,1284,12514,1403,1701,1059,9568,6271,1061,22,15,6642,1337,1120,217,1231,0,0,0,813375
2018-11-18,1.306,118,223,3807,53%,50%,20.57%,20.99%,18.78%,185,185,19442,2.7,3.7,5168,2159,1779,380,2128,13889,500,1489,14065,1760,1855,1235,10612,6782,1195,21,16,7211,1483,1222,261,1390,0,0,0,852460
2018-11-19,0.71,151,229,7844,48%,43%,19.47%,19.9%,18.24%,150,150,48408,3,3.7,15839,4411,3372,1039,6988,33111,500,3420,33328,4672,5782,2856,25276,15006,3624,96,70,16229,3159,2380,779,4271,0,0,0,2448898
2018-11-20,0.694,144,217,7868,48%,44%,19.67%,20.27%,18.03%,100,98,47304,2.9,3.5,15188,4510,3475,1035,6429,32573,500,3645,32781,4449,5468,2922,24810,15076,3671,88,64,16260,3198,2409,789,4375,0,0,0,2336070
2018-11-21,0.751,149,222,7816,48%,45%,19.97%,20.4%,18.69%,98,98,47770,3,3.6,14689,4638,3600,1038,6446,33399,500,3406,33606,4312,5390,2926,25349,15011,3567,94,59,16116,3218,2449,769,4114,0,0,0,2405960
2018-11-22,0.796,144,226,7619,49%,43%,20.09%,20.67%,18.44%,173,173,44979,2.9,3.6,14712,4377,3355,1022,6039,31117,500,3200,31338,4402,5093,2720,23789,14572,3443,80,57,15652,3145,2400,745,4040,0,0,0,2258005
2018-11-23,1.066,146,228,7341,52%,46%,18.9%,19.33%,17.67%,200,200,40402,2.9,3.6,12926,3687,2802,885,5414,28189,500,2783,28478,3727,4527,2336,21899,13113,3102,91,64,14124,2670,2028,642,3634,0,0,0,2067853
2018-11-24,0.677,105,214,4161,59%,52%,19.46%,19.47%,19.41%,74,74,17017,2.4,3.5,4234,1961,1611,350,1847,12433,500,1196,12566,1408,1557,1002,9854,6643,1038,17,14,7034,1369,1132,237,1221,0,0,0,735488
2018-11-25,0.706,121,223,3944,54%,51%,21.2%,21.37%,20.51%,219,219,19450,2.6,3.6,5289,2238,1788,450,2301,13962,500,1418,14113,1618,1913,1198,10718,6915,1231,26,19,7364,1561,1263,298,1453,0,0,0,891758
2018-11-26,0.725,148,224,8077,49%,47%,19.06%,19.83%,16.99%,116,116,47760,2.9,3.5,15687,4446,3427,1019,6405,33062,500,3317,33304,4731,5303,2857,25330,15214,3742,104,73,16469,3139,2380,759,4468,0,0,0,2430232
2018-11-27,0.725,148,238,8033,47%,44%,20.51%,21.48%,17.8%,139,139,49921,3,3.7,16325,4894,3806,1088,6788,34371,500,3637,34648,4848,5658,3049,26179,15697,3819,103,70,16919,3470,2674,796,4471,0,0,0,2502509
2018-11-28,0.721,149,222,7703,48%,44%,19.82%,20.37%,18.32%,129,124,46327,2.9,3.5,14847,4438,3401,1037,6355,32048,500,3257,32239,4476,5421,2787,24624,14941,3660,117,86,16077,3187,2400,787,4297,0,0,0,2401025
2018-11-29,0.667,143,212,7508,48%,44%,19.01%,19.72%,17.12%,434,157,45597,2.9,3.5,14799,4076,3122,954,6340,31254,500,3207,31463,4587,5284,2721,23728,14341,3588,101,68,15562,2958,2227,731,4269,0,0,0,2230955
2018-11-30,0.645,151,226,6530,48%,45%,18.86%,19.75%,16.61%,236,236,41645,3.1,4.1,15475,3534,2666,868,5855,28860,500,2640,29038,4112,4920,2268,21958,12506,3241,104,81,13515,2549,1916,633,3812,0,0,0,2040619
2018-12-01,0.751,126,223,3168,53%,51%,20.15%,20.83%,17.52%,100,100,16044,2.7,3.5,4245,1774,1454,320,1969,11478,500,1134,11654,1287,1659,943,8867,5640,1047,17,12,5990,1207,992,215,1227,0,0,0,752372
2018-12-02,0.711,123,225,3695,53%,50%,19.31%,19.17%,19.88%,158,158,18989,2.7,3.6,4778,2049,1620,429,2293,13773,500,1348,13926,1422,1950,1110,10429,6644,1146,25,14,7024,1356,1091,265,1333,0,0,0,865846
2018-12-03,0.703,142,233,8164,49%,44%,19.2%,19.69%,17.86%,153,93,47570,2.9,3.6,15863,4446,3340,1106,6608,32834,500,3390,32994,4578,5453,2858,25032,15422,3708,105,79,16653,3198,2404,794,4445,0,0,0,2365932
2018-12-04,0.696,144,232,7989,49%,44%,19.42%,19.83%,18.31%,144,126,47434,2.9,3.6,15654,4362,3269,1093,6450,32689,500,3263,32958,4762,5573,2775,25165,15115,3691,104,68,16295,3165,2366,799,4364,0,0,0,2347556
2018-12-05,0.69,152,231,7284,49%,45%,19.72%,20.24%,18.36%,116,116,44693,3,3.6,15127,4032,3014,1018,6217,30552,500,2962,30746,4768,5199,2504,23413,13796,3468,115,87,14995,2957,2192,765,4167,0,0,0,2277249
2018-12-06,0.739,156,239,7181,48%,44%,19.3%,19.78%,18.08%,158,146,45471,3,3.7,16029,4030,2976,1054,6142,31629,500,3018,31816,4495,5168,2453,23721,13801,3562,96,74,14981,2891,2115,776,4291,0,0,0,2331423
2018-12-07,0.786,140,220,6462,49%,45%,18.63%,19.27%,17.05%,119,119,37294,2.9,3.4,12833,3381,2530,851,5105,25769,500,2553,25978,3658,4270,2140,19837,12096,3150,84,65,13084,2438,1801,637,3737,0,0,0,1836401
2018-12-08,0.761,118,207,3179,54%,53%,19.95%,20.06%,19.48%,81,81,15265,2.6,3.4,3753,1661,1344,317,1820,10941,500,1075,11113,1257,1555,906,8605,5526,954,18,15,5839,1165,947,218,1119,0,0,0,687435
2018-12-09,0.719,120,206,3475,53%,52%,19.69%,20.28%,17.31%,44,44,16749,2.6,3.3,4208,1846,1518,328,1852,12166,500,1189,12322,1386,1601,1007,9580,6180,1111,28,21,6550,1290,1066,224,1294,0,0,0,785233
2018-12-10,1.06,149,228,7519,48%,44%,20.67%,21.46%,18.62%,176,176,45037,2.9,3.6,15538,4388,3351,1037,6369,30925,500,3152,31141,4375,5238,2680,23702,14334,3633,113,81,15525,3209,2408,801,4302,0,0,0,2314799
2018-12-11,0.768,151,227,7208,48%,45%,19.85%,20.81%,17.4%,85,85,44320,2.9,3.5,14710,4207,3203,1004,6201,30480,500,3065,30697,4357,5220,2517,23104,14006,3596,99,81,15070,2992,2259,733,4213,0,0,0,2273194
2018-12-12,0.793,155,227,6799,49%,45%,19.69%,20.16%,18.49%,138,98,41454,3,3.6,14082,3864,2874,990,5398,28946,500,2802,29160,4094,4548,2351,22022,12827,3294,109,78,13907,2738,2016,722,3905,0,0,0,2155970
2018-12-13,1.371,148,226,6785,49%,45%,19.75%,20.22%,18.53%,225,225,39526,2.9,3.6,13769,3595,2663,932,5630,26899,500,2601,27127,4168,4692,2212,21027,12815,3263,92,65,13840,2733,2015,718,3874,0,0,0,2044228
2018-12-14,1.052,138,216,6147,50%,45%,19.28%,19.2%,19.46%,129,129,34012,2.8,3.5,11771,3350,2441,909,4661,23618,500,2415,23816,3120,3929,1978,18350,11344,2837,88,70,12238,2359,1705,654,3360,0,0,0,1693693
2018-12-15,0.856,119,191,3132,55%,53%,20.22%,20.11%,20.66%,190,55,14851,2.6,3.2,3493,1676,1347,329,1811,10633,500,1013,10847,1180,1522,849,8444,5398,947,22,13,5723,1157,931,226,1094,0,0,0,678266
2018-12-16,0.799,118,206,3229,54%,52%,20.69%,21.15%,18.71%,168,168,15765,2.6,3.3,3777,1786,1482,304,2135,11209,500,1150,11392,1088,1700,959,8730,5690,976,15,8,6032,1248,1037,211,1128,0,0,0,713452
2018-12-17,0.932,147,232,6810,48%,43%,20.18%,20.45%,19.5%,113,113,41420,2.9,3.6,14425,3963,2871,1092,5968,28096,500,2920,28323,4209,4978,2461,21634,13179,3397,112,77,14226,2871,2094,777,3984,0,0,0,2085803
2018-12-18,0.939,149,250,6731,49%,44%,20.53%,21.09%,19.07%,184,184,39815,2.9,3.7,14092,3907,2944,963,5564,27376,500,2831,27635,3785,4729,2394,21108,12758,3218,92,68,13764,2826,2104,722,3786,0,0,0,2056971
2018-12-19,1.166,149,210,6374,48%,44%,20.1%,20.75%,18.37%,402,402,38675,2.9,3.6,12923,3593,2711,882,5344,26527,500,2658,26724,3949,4449,2272,20407,12228,3113,77,52,13154,2644,1982,662,3603,0,0,0,1962620
2018-12-20,0.942,139,214,6141,49%,46%,20.65%,21.14%,19.46%,91,91,35185,2.8,3.3,12214,3592,2651,941,4617,24761,500,2537,24948,3083,3890,2112,19265,11592,3091,99,78,12557,2593,1882,711,3654,0,0,0,1750315
2018-12-21,0.847,143,210,4827,49%,46%,20.51%,21.18%,18.77%,132,66,27373,2.8,3.3,8995,2860,2132,728,3841,19046,500,1994,19253,2285,3109,1668,14601,9104,2325,64,47,9786,2007,1496,511,2722,0,0,0,1396689
2018-12-22,1.036,127,247,2388,54%,52%,20.92%,20.75%,21.66%,87,87,12113,2.7,3.6,3003,1356,1081,275,1407,8723,500,835,8888,983,1188,705,6745,4184,689,22,9,4460,933,753,180,831,0,0,0,564951
2018-12-23,0.888,127,216,2440,54%,55%,21.65%,22.31%,18.92%,108,82,12084,2.7,3.3,2898,1429,1179,250,1366,8726,500,824,8943,951,1146,679,6830,4246,742,23,13,4532,981,813,168,888,0,0,0,575175
2018-12-24,0.958,119,186,2430,52%,52%,20.72%,20.87%,20.21%,83,83,12162,2.6,3,3150,1400,1093,307,1542,8641,500,963,8777,880,1300,766,6730,4404,909,26,20,4667,967,755,212,1049,0,0,0,555808
2018-12-25,1.084,112,209,1960,56%,55%,21.57%,21.83%,20.49%,64,64,8941,2.5,3.5,2299,1119,889,230,952,6552,429,628,6717,644,819,525,5190,3316,571,11,8,3518,759,624,135,659,0,0,0,393456
2018-12-26,1.116,134,243,4091,51%,46%,20.77%,20.92%,20.25%,83,77,22108,2.8,3.6,6123,2408,1896,512,2901,15515,500,1658,15676,1873,2413,1415,11912,7553,1452,44,32,8030,1668,1321,347,1714,0,0,0,1076666
2018-12-27,1.294,132,218,4772,51%,46%,20.94%,21.3%,19.66%,82,82,24716,2.6,3.4,6983,2741,2210,531,3236,17173,500,1952,17348,2180,2754,1635,13411,8803,1784,60,41,9365,1961,1553,408,2075,0,0,0,1234296
2018-12-28,1.24,117,187,4296,52%,49%,20.49%,21.03%,18.63%,110,110,21362,2.6,3.2,6054,2398,1914,484,2736,15110,500,1588,15270,1768,2336,1306,11797,7786,1632,51,32,8239,1688,1341,347,1863,0,0,0,966247
2018-12-29,1.343,121,203,2722,53%,51%,21.68%,21.84%,20.89%,159,159,13607,2.6,3.5,3132,1617,1356,261,1563,9586,500,979,9758,1307,1330,811,7544,4880,768,11,8,5162,1119,931,188,900,0,0,0,623902
2018-12-30,1.216,115,177,2824,53%,55%,21.28%,21.68%,19.29%,94,94,13534,2.6,3.2,2856,1663,1384,279,1723,9546,500,1007,9712,1092,1391,859,7522,5004,764,18,10,5297,1127,954,173,897,0,0,0,608010
2018-12-31,1.371,96,169,3759,57%,53%,17.23%,17.13%,17.74%,87,48,15291,2.3,2.9,3254,1567,1300,267,1863,11083,500,1052,11251,1125,1603,901,8888,6261,987,26,17,6558,1130,932,198,1116,0,0,0,630843
